DT_GERACAO;HH_GERACAO;ANO_ELEICAO;CD_TIPO_ELEICAO;NM_TIPO_ELEICAO;NR_TURNO;CD_ELEICAO;DS_ELEICAO;DT_ELEICAO;TP_ABRANGENCIA;SG_UF;SG_UE;NM_UE;CD_MUNICIPIO;NM_MUNICIPIO;NR_ZONA;CD_CARGO;DS_CARGO;SQ_CANDIDATO;NR_CANDIDATO;NM_CANDIDATO;NM_URNA_CANDIDATO;NM_SOCIAL_CANDIDATO;CD_SITUACAO_CANDIDATURA;DS_SITUACAO_CANDIDATURA;CD_DETALHE_SITUACAO_CAND;DS_DETALHE_SITUACAO_CAND;TP_AGREMIACAO;NR_PARTIDO;SG_PARTIDO;NM_PARTIDO;SQ_COLIGACAO;NM_COLIGACAO;DS_COMPOSICAO_COLIGACAO;CD_SIT_TOT_TURNO;DS_SIT_TOT_TURNO;ST_VOTO_EM_TRANSITO;QT_VOTOS_NOMINAIS
15/05/2022;04:45:39;2018;2;Eleiçăo Ordinária;1;297;ELEIÇŐES GERAIS ESTADUAIS 2018;07/10/2018;E;RR;RR;RORAIMA;03018;BOA VISTA;5;5;Senador;230000615949;434;RUDSON LEITE DA SILVA;RUDSON LEITE;#NULO#;12;APTO;2;DEFERIDO;Coligaçăo;43;PV;Partido Verde;230000050426;DĘ UMA CHANCE PARA RORAIMA;PTB / PV / REDE / PT;4;NĂO ELEITO;N;1598
15/05/2022;04:45:39;2018;2;Eleiçăo Ordinária;1;297;ELEIÇŐES GERAIS ESTADUAIS 2018;07/10/2018;E;RR;RR;RORAIMA;03042;AMAJARI;7;5;Senador;230000615949;434;RUDSON LEITE DA SILVA;RUDSON LEITE;#NULO#;12;APTO;2;DEFERIDO;Coligaçăo;43;PV;Partido Verde;230000050426;DĘ UMA CHANCE PARA RORAIMA;PTB / PV / REDE / PT;4;NĂO ELEITO;N;81
15/05/2022;04:45:39;2018;2;Eleiçăo Ordinária;2;298;ELEIÇŐES GERAIS ESTADUAIS 2018;28/10/2018;E;RR;RR;RORAIMA;03158;SĂO LUIZ;4;3;Governador;230000609415;17;ANTONIO OLIVERIO GARCIA DE ALMEIDA;ANTONIO DENARIUM;#NULO#;12;APTO;2;DEFERIDO;Coligaçăo;17;PSL;Partido Social Liberal;230000050244;AGORA É RORAIMA COM TUDO;PSL / PRB / PTC / PRP / PROS / PSC / PPL;1;ELEITO;N;2036
15/05/2022;04:45:39;2018;2;Eleiçăo Ordinária;2;298;ELEIÇŐES GERAIS ESTADUAIS 2018;28/10/2018;E;RR;RR;RORAIMA;03018;BOA VISTA;5;3;Governador;230000609415;17;ANTONIO OLIVERIO GARCIA DE ALMEIDA;ANTONIO DENARIUM;#NULO#;12;APTO;2;DEFERIDO;Coligaçăo;17;PSL;Partido Social Liberal;230000050244;AGORA É RORAIMA COM TUDO;PSL / PRB / PTC / PRP / PROS / PSC / PPL;1;ELEITO;N;36395
15/05/2022;04:45:39;2018;2;Eleiçăo Ordinária;2;298;ELEIÇŐES GERAIS ESTADUAIS 2018;28/10/2018;E;RR;RR;RORAIMA;03026;IRACEMA;6;3;Governador;230000609415;17;ANTONIO OLIVERIO GARCIA DE ALMEIDA;ANTONIO DENARIUM;#NULO#;12;APTO;2;DEFERIDO;Coligaçăo;17;PSL;Partido Social Liberal;230000050244;AGORA É RORAIMA COM TUDO;PSL / PRB / PTC / PRP / PROS / PSC / PPL;1;ELEITO;N;1889
15/05/2022;04:45:39;2018;2;Eleiçăo Ordinária;2;298;ELEIÇŐES GERAIS ESTADUAIS 2018;28/10/2018;E;RR;RR;RORAIMA;03093;MUCAJAÍ;6;3;Governador;230000601679;45;JOSE DE ANCHIETA JUNIOR;ANCHIETA;#NULO#;12;APTO;2;DEFERIDO;Coligaçăo;45;PSDB;Partido da Social Democracia Brasileira;230000050050;TODOS POR RORAIMA ;PSDB / DEM / MDB / PSD / PPS / SOLIDARIEDADE / DC;4;NĂO ELEITO;N;4344
15/05/2022;04:45:39;2018;2;Eleiçăo Ordinária;1;297;ELEIÇŐES GERAIS ESTADUAIS 2018;07/10/2018;E;RR;RR;RORAIMA;03026;IRACEMA;6;5;Senador;230000614196;212;TELMA MARQUES DA SILVA;TELMA TAUREPANG;#NULO#;12;APTO;2;DEFERIDO;Coligaçăo;21;PCB;Partido Comunista Brasileiro;230000050376;FRENTE DE ESQUERDA SOCIALISTA;PCB / PSOL / PSTU;4;NĂO ELEITO;N;37
15/05/2022;04:45:39;2018;2;Eleiçăo Ordinária;1;297;ELEIÇŐES GERAIS ESTADUAIS 2018;07/10/2018;E;RR;RR;RORAIMA;03085;RORAINÓPOLIS;8;5;Senador;230000614196;212;TELMA MARQUES DA SILVA;TELMA TAUREPANG;#NULO#;12;APTO;2;DEFERIDO;Coligaçăo;21;PCB;Partido Comunista Brasileiro;230000050376;FRENTE DE ESQUERDA SOCIALISTA;PCB / PSOL / PSTU;4;NĂO ELEITO;N;113
15/05/2022;04:45:39;2018;2;Eleiçăo Ordinária;1;297;ELEIÇŐES GERAIS ESTADUAIS 2018;07/10/2018;E;RR;RR;RORAIMA;03000;CAROEBE;4;5;Senador;230000614196;212;TELMA MARQUES DA SILVA;TELMA TAUREPANG;#NULO#;12;APTO;2;DEFERIDO;Coligaçăo;21;PCB;Partido Comunista Brasileiro;230000050376;FRENTE DE ESQUERDA SOCIALISTA;PCB / PSOL / PSTU;4;NĂO ELEITO;N;126
15/05/2022;04:45:39;2018;2;Eleiçăo Ordinária;1;297;ELEIÇŐES GERAIS ESTADUAIS 2018;07/10/2018;E;RR;RR;RORAIMA;03107;UIRAMUTĂ;7;5;Senador;230000614388;123;ANGELA MARIA GOMES PORTELA;ANGELA PORTELA;#NULO#;12;APTO;2;DEFERIDO;Coligaçăo;12;PDT;Partido Democrático Trabalhista;230000050380;NA LUTA POR RORAIMA;PP / PDT / PODE / PRTB / PR / PHS / PC do B;4;NĂO ELEITO;N;1581
15/05/2022;04:45:39;2018;2;Eleiçăo Ordinária;1;297;ELEIÇŐES GERAIS ESTADUAIS 2018;07/10/2018;E;RR;RR;RORAIMA;03158;SĂO LUIZ;4;5;Senador;230000614388;123;ANGELA MARIA GOMES PORTELA;ANGELA PORTELA;#NULO#;12;APTO;2;DEFERIDO;Coligaçăo;12;PDT;Partido Democrático Trabalhista;230000050380;NA LUTA POR RORAIMA;PP / PDT / PODE / PRTB / PR / PHS / PC do B;4;NĂO ELEITO;N;1265
15/05/2022;04:45:39;2018;2;Eleiçăo Ordinária;1;297;ELEIÇŐES GERAIS ESTADUAIS 2018;07/10/2018;E;RR;RR;RORAIMA;03034;CARACARAÍ;2;3;Governador;230000615946;14;TELMÁRIO MOTA DE OLIVEIRA;TELMÁRIO MOTA;#NULO#;12;APTO;2;DEFERIDO;Coligaçăo;14;PTB;Partido Trabalhista Brasileiro;230000050426;DĘ UMA CHANCE PARA RORAIMA;PTB / PV / REDE / PT;4;NĂO ELEITO;N;307
15/05/2022;04:45:39;2018;2;Eleiçăo Ordinária;1;297;ELEIÇŐES GERAIS ESTADUAIS 2018;07/10/2018;E;RR;RR;RORAIMA;03018;BOA VISTA;1;5;Senador;230000615947;144;JULIO AUGUSTO MAGALHĂES MARTINS;JÚLIO MARTINS;#NULO#;12;APTO;2;DEFERIDO;Coligaçăo;14;PTB;Partido Trabalhista Brasileiro;230000050426;DĘ UMA CHANCE PARA RORAIMA;PTB / PV / REDE / PT;4;NĂO ELEITO;N;10189
15/05/2022;04:45:39;2018;2;Eleiçăo Ordinária;1;297;ELEIÇŐES GERAIS ESTADUAIS 2018;07/10/2018;E;RR;RR;RORAIMA;03115;NORMANDIA;5;5;Senador;230000615947;144;JULIO AUGUSTO MAGALHĂES MARTINS;JÚLIO MARTINS;#NULO#;12;APTO;2;DEFERIDO;Coligaçăo;14;PTB;Partido Trabalhista Brasileiro;230000050426;DĘ UMA CHANCE PARA RORAIMA;PTB / PV / REDE / PT;4;NĂO ELEITO;N;485
15/05/2022;04:45:39;2018;2;Eleiçăo Ordinária;1;297;ELEIÇŐES GERAIS ESTADUAIS 2018;07/10/2018;E;RR;RR;RORAIMA;03077;BONFIM;5;3;Governador;230000615946;14;TELMÁRIO MOTA DE OLIVEIRA;TELMÁRIO MOTA;#NULO#;12;APTO;2;DEFERIDO;Coligaçăo;14;PTB;Partido Trabalhista Brasileiro;230000050426;DĘ UMA CHANCE PARA RORAIMA;PTB / PV / REDE / PT;4;NĂO ELEITO;N;511
15/05/2022;04:45:39;2018;2;Eleiçăo Ordinária;1;297;ELEIÇŐES GERAIS ESTADUAIS 2018;07/10/2018;E;RR;RR;RORAIMA;03131;SĂO JOĂO DA BALIZA;4;3;Governador;230000615946;14;TELMÁRIO MOTA DE OLIVEIRA;TELMÁRIO MOTA;#NULO#;12;APTO;2;DEFERIDO;Coligaçăo;14;PTB;Partido Trabalhista Brasileiro;230000050426;DĘ UMA CHANCE PARA RORAIMA;PTB / PV / REDE / PT;4;NĂO ELEITO;N;80
15/05/2022;04:45:39;2018;2;Eleiçăo Ordinária;1;297;ELEIÇŐES GERAIS ESTADUAIS 2018;07/10/2018;E;RR;RR;RORAIMA;03018;BOA VISTA;5;5;Senador;230000615947;144;JULIO AUGUSTO MAGALHĂES MARTINS;JÚLIO MARTINS;#NULO#;12;APTO;2;DEFERIDO;Coligaçăo;14;PTB;Partido Trabalhista Brasileiro;230000050426;DĘ UMA CHANCE PARA RORAIMA;PTB / PV / REDE / PT;4;NĂO ELEITO;N;4609
15/05/2022;04:45:39;2018;2;Eleiçăo Ordinária;1;297;ELEIÇŐES GERAIS ESTADUAIS 2018;07/10/2018;E;RR;RR;RORAIMA;03085;RORAINÓPOLIS;8;5;Senador;230000615947;144;JULIO AUGUSTO MAGALHĂES MARTINS;JÚLIO MARTINS;#NULO#;12;APTO;2;DEFERIDO;Coligaçăo;14;PTB;Partido Trabalhista Brasileiro;230000050426;DĘ UMA CHANCE PARA RORAIMA;PTB / PV / REDE / PT;4;NĂO ELEITO;N;210
15/05/2022;04:45:39;2018;2;Eleiçăo Ordinária;1;297;ELEIÇŐES GERAIS ESTADUAIS 2018;07/10/2018;E;RR;RR;RORAIMA;03123;PACARAIMA;7;5;Senador;230000615947;144;JULIO AUGUSTO MAGALHĂES MARTINS;JÚLIO MARTINS;#NULO#;12;APTO;2;DEFERIDO;Coligaçăo;14;PTB;Partido Trabalhista Brasileiro;230000050426;DĘ UMA CHANCE PARA RORAIMA;PTB / PV / REDE / PT;4;NĂO ELEITO;N;772
15/05/2022;04:45:39;2018;2;Eleiçăo Ordinária;1;297;ELEIÇŐES GERAIS ESTADUAIS 2018;07/10/2018;E;RR;RR;RORAIMA;03107;UIRAMUTĂ;7;5;Senador;230000615947;144;JULIO AUGUSTO MAGALHĂES MARTINS;JÚLIO MARTINS;#NULO#;12;APTO;2;DEFERIDO;Coligaçăo;14;PTB;Partido Trabalhista Brasileiro;230000050426;DĘ UMA CHANCE PARA RORAIMA;PTB / PV / REDE / PT;4;NĂO ELEITO;N;1187
15/05/2022;04:45:39;2018;2;Eleiçăo Ordinária;1;297;ELEIÇŐES GERAIS ESTADUAIS 2018;07/10/2018;E;RR;RR;RORAIMA;03018;BOA VISTA;1;3;Governador;230000615946;14;TELMÁRIO MOTA DE OLIVEIRA;TELMÁRIO MOTA;#NULO#;12;APTO;2;DEFERIDO;Coligaçăo;14;PTB;Partido Trabalhista Brasileiro;230000050426;DĘ UMA CHANCE PARA RORAIMA;PTB / PV / REDE / PT;4;NĂO ELEITO;N;1962
15/05/2022;04:45:39;2018;2;Eleiçăo Ordinária;1;297;ELEIÇŐES GERAIS ESTADUAIS 2018;07/10/2018;E;RR;RR;RORAIMA;03131;SĂO JOĂO DA BALIZA;4;5;Senador;230000615949;434;RUDSON LEITE DA SILVA;RUDSON LEITE;#NULO#;12;APTO;2;DEFERIDO;Coligaçăo;43;PV;Partido Verde;230000050426;DĘ UMA CHANCE PARA RORAIMA;PTB / PV / REDE / PT;4;NĂO ELEITO;N;18
15/05/2022;04:45:39;2018;2;Eleiçăo Ordinária;1;297;ELEIÇŐES GERAIS ESTADUAIS 2018;07/10/2018;E;RR;RR;RORAIMA;03018;BOA VISTA;1;5;Senador;230000615949;434;RUDSON LEITE DA SILVA;RUDSON LEITE;#NULO#;12;APTO;2;DEFERIDO;Coligaçăo;43;PV;Partido Verde;230000050426;DĘ UMA CHANCE PARA RORAIMA;PTB / PV / REDE / PT;4;NĂO ELEITO;N;3062
15/05/2022;04:45:39;2018;2;Eleiçăo Ordinária;1;297;ELEIÇŐES GERAIS ESTADUAIS 2018;07/10/2018;E;RR;RR;RORAIMA;03131;SĂO JOĂO DA BALIZA;4;5;Senador;230000614388;123;ANGELA MARIA GOMES PORTELA;ANGELA PORTELA;#NULO#;12;APTO;2;DEFERIDO;Coligaçăo;12;PDT;Partido Democrático Trabalhista;230000050380;NA LUTA POR RORAIMA;PP / PDT / PODE / PRTB / PR / PHS / PC do B;4;NĂO ELEITO;N;787
15/05/2022;04:45:39;2018;2;Eleiçăo Ordinária;1;297;ELEIÇŐES GERAIS ESTADUAIS 2018;07/10/2018;E;RR;RR;RORAIMA;03026;IRACEMA;6;5;Senador;230000615949;434;RUDSON LEITE DA SILVA;RUDSON LEITE;#NULO#;12;APTO;2;DEFERIDO;Coligaçăo;43;PV;Partido Verde;230000050426;DĘ UMA CHANCE PARA RORAIMA;PTB / PV / REDE / PT;4;NĂO ELEITO;N;35
15/05/2022;04:45:39;2018;2;Eleiçăo Ordinária;1;297;ELEIÇŐES GERAIS ESTADUAIS 2018;07/10/2018;E;RR;RR;RORAIMA;03123;PACARAIMA;7;5;Senador;230000615949;434;RUDSON LEITE DA SILVA;RUDSON LEITE;#NULO#;12;APTO;2;DEFERIDO;Coligaçăo;43;PV;Partido Verde;230000050426;DĘ UMA CHANCE PARA RORAIMA;PTB / PV / REDE / PT;4;NĂO ELEITO;N;84
15/05/2022;04:45:39;2018;2;Eleiçăo Ordinária;1;297;ELEIÇŐES GERAIS ESTADUAIS 2018;07/10/2018;E;RR;RR;RORAIMA;03034;CARACARAÍ;2;5;Senador;230000615949;434;RUDSON LEITE DA SILVA;RUDSON LEITE;#NULO#;12;APTO;2;DEFERIDO;Coligaçăo;43;PV;Partido Verde;230000050426;DĘ UMA CHANCE PARA RORAIMA;PTB / PV / REDE / PT;4;NĂO ELEITO;N;148
15/05/2022;04:45:39;2018;2;Eleiçăo Ordinária;1;297;ELEIÇŐES GERAIS ESTADUAIS 2018;07/10/2018;E;RR;RR;RORAIMA;03158;SĂO LUIZ;4;3;Governador;230000609415;17;ANTONIO OLIVERIO GARCIA DE ALMEIDA;ANTONIO DENARIUM;#NULO#;12;APTO;2;DEFERIDO;Coligaçăo;17;PSL;Partido Social Liberal;230000050244;AGORA É RORAIMA COM TUDO;PSL / PRB / PTC / PRP / PROS / PSC / PPL;6;2ş TURNO;N;1666
15/05/2022;04:45:39;2018;2;Eleiçăo Ordinária;1;297;ELEIÇŐES GERAIS ESTADUAIS 2018;07/10/2018;E;RR;RR;RORAIMA;03026;IRACEMA;6;5;Senador;230000609417;177;ISAMAR PESSOA RAMALHO;PR.ISAMAR RAMALHO;#NULO#;12;APTO;2;DEFERIDO;Coligaçăo;17;PSL;Partido Social Liberal;230000050244;AGORA É RORAIMA COM TUDO;PSL / PRB / PTC / PRP / PROS / PSC / PPL;4;NĂO ELEITO;N;634
15/05/2022;04:45:39;2018;2;Eleiçăo Ordinária;1;297;ELEIÇŐES GERAIS ESTADUAIS 2018;07/10/2018;E;RR;RR;RORAIMA;03018;BOA VISTA;5;5;Senador;230000609417;177;ISAMAR PESSOA RAMALHO;PR.ISAMAR RAMALHO;#NULO#;12;APTO;2;DEFERIDO;Coligaçăo;17;PSL;Partido Social Liberal;230000050244;AGORA É RORAIMA COM TUDO;PSL / PRB / PTC / PRP / PROS / PSC / PPL;4;NĂO ELEITO;N;16444
15/05/2022;04:45:39;2018;2;Eleiçăo Ordinária;1;297;ELEIÇŐES GERAIS ESTADUAIS 2018;07/10/2018;E;RR;RR;RORAIMA;03085;RORAINÓPOLIS;8;5;Senador;230000609417;177;ISAMAR PESSOA RAMALHO;PR.ISAMAR RAMALHO;#NULO#;12;APTO;2;DEFERIDO;Coligaçăo;17;PSL;Partido Social Liberal;230000050244;AGORA É RORAIMA COM TUDO;PSL / PRB / PTC / PRP / PROS / PSC / PPL;4;NĂO ELEITO;N;3287
15/05/2022;04:45:39;2018;2;Eleiçăo Ordinária;1;297;ELEIÇŐES GERAIS ESTADUAIS 2018;07/10/2018;E;RR;RR;RORAIMA;03158;SĂO LUIZ;4;5;Senador;230000601676;156;ROMERO JUCÁ FILHO;ROMERO JUCÁ;#NULO#;12;APTO;2;DEFERIDO;Coligaçăo;15;MDB;Movimento Democrático Brasileiro;230000050050;TODOS POR RORAIMA ;PSDB / DEM / MDB / PSD / PPS / SOLIDARIEDADE / DC;4;NĂO ELEITO;N;1498
15/05/2022;04:45:39;2018;2;Eleiçăo Ordinária;1;297;ELEIÇŐES GERAIS ESTADUAIS 2018;07/10/2018;E;RR;RR;RORAIMA;03093;MUCAJAÍ;6;3;Governador;230000615946;14;TELMÁRIO MOTA DE OLIVEIRA;TELMÁRIO MOTA;#NULO#;12;APTO;2;DEFERIDO;Coligaçăo;14;PTB;Partido Trabalhista Brasileiro;230000050426;DĘ UMA CHANCE PARA RORAIMA;PTB / PV / REDE / PT;4;NĂO ELEITO;N;174
15/05/2022;04:45:39;2018;2;Eleiçăo Ordinária;1;297;ELEIÇŐES GERAIS ESTADUAIS 2018;07/10/2018;E;RR;RR;RORAIMA;03000;CAROEBE;4;3;Governador;230000615946;14;TELMÁRIO MOTA DE OLIVEIRA;TELMÁRIO MOTA;#NULO#;12;APTO;2;DEFERIDO;Coligaçăo;14;PTB;Partido Trabalhista Brasileiro;230000050426;DĘ UMA CHANCE PARA RORAIMA;PTB / PV / REDE / PT;4;NĂO ELEITO;N;151
15/05/2022;04:45:39;2018;2;Eleiçăo Ordinária;1;297;ELEIÇŐES GERAIS ESTADUAIS 2018;07/10/2018;E;RR;RR;RORAIMA;03018;BOA VISTA;5;5;Senador;230000601676;156;ROMERO JUCÁ FILHO;ROMERO JUCÁ;#NULO#;12;APTO;2;DEFERIDO;Coligaçăo;15;MDB;Movimento Democrático Brasileiro;230000050050;TODOS POR RORAIMA ;PSDB / DEM / MDB / PSD / PPS / SOLIDARIEDADE / DC;4;NĂO ELEITO;N;21645
15/05/2022;04:45:39;2018;2;Eleiçăo Ordinária;1;297;ELEIÇŐES GERAIS ESTADUAIS 2018;07/10/2018;E;RR;RR;RORAIMA;03050;ALTO ALEGRE;3;5;Senador;230000601673;255;FRANCISCO DE ASSIS RODRIGUES;CHICO RODRIGUES;#NULO#;12;APTO;2;DEFERIDO;Coligaçăo;25;DEM;Democratas;230000050050;TODOS POR RORAIMA ;PSDB / DEM / MDB / PSD / PPS / SOLIDARIEDADE / DC;1;ELEITO;N;2113
15/05/2022;04:45:39;2018;2;Eleiçăo Ordinária;1;297;ELEIÇŐES GERAIS ESTADUAIS 2018;07/10/2018;E;RR;RR;RORAIMA;03077;BONFIM;5;5;Senador;230000601673;255;FRANCISCO DE ASSIS RODRIGUES;CHICO RODRIGUES;#NULO#;12;APTO;2;DEFERIDO;Coligaçăo;25;DEM;Democratas;230000050050;TODOS POR RORAIMA ;PSDB / DEM / MDB / PSD / PPS / SOLIDARIEDADE / DC;1;ELEITO;N;2063
15/05/2022;04:45:39;2018;2;Eleiçăo Ordinária;1;297;ELEIÇŐES GERAIS ESTADUAIS 2018;07/10/2018;E;RR;RR;RORAIMA;03050;ALTO ALEGRE;3;3;Governador;230000601679;45;JOSE DE ANCHIETA JUNIOR;ANCHIETA;#NULO#;12;APTO;2;DEFERIDO;Coligaçăo;45;PSDB;Partido da Social Democracia Brasileira;230000050050;TODOS POR RORAIMA ;PSDB / DEM / MDB / PSD / PPS / SOLIDARIEDADE / DC;6;2ş TURNO;N;3912
15/05/2022;04:45:39;2018;2;Eleiçăo Ordinária;1;297;ELEIÇŐES GERAIS ESTADUAIS 2018;07/10/2018;E;RR;RR;RORAIMA;03018;BOA VISTA;5;3;Governador;230000601679;45;JOSE DE ANCHIETA JUNIOR;ANCHIETA;#NULO#;12;APTO;2;DEFERIDO;Coligaçăo;45;PSDB;Partido da Social Democracia Brasileira;230000050050;TODOS POR RORAIMA ;PSDB / DEM / MDB / PSD / PPS / SOLIDARIEDADE / DC;6;2ş TURNO;N;29172
15/05/2022;04:45:39;2018;2;Eleiçăo Ordinária;1;297;ELEIÇŐES GERAIS ESTADUAIS 2018;07/10/2018;E;RR;RR;RORAIMA;03018;BOA VISTA;1;5;Senador;230000601673;255;FRANCISCO DE ASSIS RODRIGUES;CHICO RODRIGUES;#NULO#;12;APTO;2;DEFERIDO;Coligaçăo;25;DEM;Democratas;230000050050;TODOS POR RORAIMA ;PSDB / DEM / MDB / PSD / PPS / SOLIDARIEDADE / DC;1;ELEITO;N;45937
15/05/2022;04:45:39;2018;2;Eleiçăo Ordinária;1;297;ELEIÇŐES GERAIS ESTADUAIS 2018;07/10/2018;E;RR;RR;RORAIMA;03158;SĂO LUIZ;4;5;Senador;230000601673;255;FRANCISCO DE ASSIS RODRIGUES;CHICO RODRIGUES;#NULO#;12;APTO;2;DEFERIDO;Coligaçăo;25;DEM;Democratas;230000050050;TODOS POR RORAIMA ;PSDB / DEM / MDB / PSD / PPS / SOLIDARIEDADE / DC;1;ELEITO;N;1511
15/05/2022;04:45:39;2018;2;Eleiçăo Ordinária;1;297;ELEIÇŐES GERAIS ESTADUAIS 2018;07/10/2018;E;RR;RR;RORAIMA;03069;CANTÁ;5;5;Senador;230000601673;255;FRANCISCO DE ASSIS RODRIGUES;CHICO RODRIGUES;#NULO#;12;APTO;2;DEFERIDO;Coligaçăo;25;DEM;Democratas;230000050050;TODOS POR RORAIMA ;PSDB / DEM / MDB / PSD / PPS / SOLIDARIEDADE / DC;1;ELEITO;N;4861
15/05/2022;04:45:39;2018;2;Eleiçăo Ordinária;1;297;ELEIÇŐES GERAIS ESTADUAIS 2018;07/10/2018;E;RR;RR;RORAIMA;03107;UIRAMUTĂ;7;5;Senador;230000601673;255;FRANCISCO DE ASSIS RODRIGUES;CHICO RODRIGUES;#NULO#;12;APTO;2;DEFERIDO;Coligaçăo;25;DEM;Democratas;230000050050;TODOS POR RORAIMA ;PSDB / DEM / MDB / PSD / PPS / SOLIDARIEDADE / DC;1;ELEITO;N;1853
15/05/2022;04:45:39;2018;2;Eleiçăo Ordinária;1;297;ELEIÇŐES GERAIS ESTADUAIS 2018;07/10/2018;E;RR;RR;RORAIMA;03158;SĂO LUIZ;4;3;Governador;230000614177;50;FÁBIO GONÇALVES DE ALMEIDA;FÁBIO;#NULO#;12;APTO;2;DEFERIDO;Coligaçăo;50;PSOL;Partido Socialismo e Liberdade;230000050376;FRENTE DE ESQUERDA SOCIALISTA;PCB / PSOL / PSTU;4;NĂO ELEITO;N;48
15/05/2022;04:45:39;2018;2;Eleiçăo Ordinária;1;297;ELEIÇŐES GERAIS ESTADUAIS 2018;07/10/2018;E;RR;RR;RORAIMA;03050;ALTO ALEGRE;3;3;Governador;230000614383;11;MARIA SUELY SILVA CAMPOS;SUELY CAMPOS;#NULO#;12;APTO;16;DEFERIDO COM RECURSO;Coligaçăo;11;PP;Partido Progressista;230000050380;NA LUTA POR RORAIMA;PP / PDT / PODE / PRTB / PR / PHS / PC do B;4;NĂO ELEITO;N;750
15/05/2022;04:45:39;2018;2;Eleiçăo Ordinária;1;297;ELEIÇŐES GERAIS ESTADUAIS 2018;07/10/2018;E;RR;RR;RORAIMA;03050;ALTO ALEGRE;3;5;Senador;230000614386;222;LUCIANO DE SOUZA CASTRO;LUCIANO CASTRO;#NULO#;12;APTO;2;DEFERIDO;Coligaçăo;22;PR;Partido da República;230000050380;NA LUTA POR RORAIMA;PP / PDT / PODE / PRTB / PR / PHS / PC do B;4;NĂO ELEITO;N;1639
15/05/2022;04:45:39;2018;2;Eleiçăo Ordinária;1;297;ELEIÇŐES GERAIS ESTADUAIS 2018;07/10/2018;E;RR;RR;RORAIMA;03085;RORAINÓPOLIS;8;5;Senador;230000601673;255;FRANCISCO DE ASSIS RODRIGUES;CHICO RODRIGUES;#NULO#;12;APTO;2;DEFERIDO;Coligaçăo;25;DEM;Democratas;230000050050;TODOS POR RORAIMA ;PSDB / DEM / MDB / PSD / PPS / SOLIDARIEDADE / DC;1;ELEITO;N;5476
15/05/2022;04:45:39;2018;2;Eleiçăo Ordinária;1;297;ELEIÇŐES GERAIS ESTADUAIS 2018;07/10/2018;E;RR;RR;RORAIMA;03093;MUCAJAÍ;6;5;Senador;230000601673;255;FRANCISCO DE ASSIS RODRIGUES;CHICO RODRIGUES;#NULO#;12;APTO;2;DEFERIDO;Coligaçăo;25;DEM;Democratas;230000050050;TODOS POR RORAIMA ;PSDB / DEM / MDB / PSD / PPS / SOLIDARIEDADE / DC;1;ELEITO;N;2632
15/05/2022;04:45:39;2018;2;Eleiçăo Ordinária;1;297;ELEIÇŐES GERAIS ESTADUAIS 2018;07/10/2018;E;RR;RR;RORAIMA;03042;AMAJARI;7;5;Senador;230000601673;255;FRANCISCO DE ASSIS RODRIGUES;CHICO RODRIGUES;#NULO#;12;APTO;2;DEFERIDO;Coligaçăo;25;DEM;Democratas;230000050050;TODOS POR RORAIMA ;PSDB / DEM / MDB / PSD / PPS / SOLIDARIEDADE / DC;1;ELEITO;N;1423
15/05/2022;04:45:39;2018;2;Eleiçăo Ordinária;1;297;ELEIÇŐES GERAIS ESTADUAIS 2018;07/10/2018;E;RR;RR;RORAIMA;03158;SĂO LUIZ;4;5;Senador;230000609420;107;ANTÔNIO MECIAS PEREIRA DE JESUS;MECIAS DE JESUS;#NULO#;12;APTO;2;DEFERIDO;Coligaçăo;10;PRB;Partido Republicano Brasileiro;230000050244;AGORA É RORAIMA COM TUDO;PSL / PRB / PTC / PRP / PROS / PSC / PPL;1;ELEITO;N;1893
15/05/2022;04:45:39;2018;2;Eleiçăo Ordinária;1;297;ELEIÇŐES GERAIS ESTADUAIS 2018;07/10/2018;E;RR;RR;RORAIMA;03077;BONFIM;5;5;Senador;230000609420;107;ANTÔNIO MECIAS PEREIRA DE JESUS;MECIAS DE JESUS;#NULO#;12;APTO;2;DEFERIDO;Coligaçăo;10;PRB;Partido Republicano Brasileiro;230000050244;AGORA É RORAIMA COM TUDO;PSL / PRB / PTC / PRP / PROS / PSC / PPL;1;ELEITO;N;2204
15/05/2022;04:45:39;2018;2;Eleiçăo Ordinária;1;297;ELEIÇŐES GERAIS ESTADUAIS 2018;07/10/2018;E;RR;RR;RORAIMA;03018;BOA VISTA;5;5;Senador;230000614196;212;TELMA MARQUES DA SILVA;TELMA TAUREPANG;#NULO#;12;APTO;2;DEFERIDO;Coligaçăo;21;PCB;Partido Comunista Brasileiro;230000050376;FRENTE DE ESQUERDA SOCIALISTA;PCB / PSOL / PSTU;4;NĂO ELEITO;N;2945
15/05/2022;04:45:39;2018;2;Eleiçăo Ordinária;1;297;ELEIÇŐES GERAIS ESTADUAIS 2018;07/10/2018;E;RR;RR;RORAIMA;03018;BOA VISTA;1;5;Senador;230000609420;107;ANTÔNIO MECIAS PEREIRA DE JESUS;MECIAS DE JESUS;#NULO#;12;APTO;2;DEFERIDO;Coligaçăo;10;PRB;Partido Republicano Brasileiro;230000050244;AGORA É RORAIMA COM TUDO;PSL / PRB / PTC / PRP / PROS / PSC / PPL;1;ELEITO;N;28774
15/05/2022;04:45:39;2018;2;Eleiçăo Ordinária;1;297;ELEIÇŐES GERAIS ESTADUAIS 2018;07/10/2018;E;RR;RR;RORAIMA;03026;IRACEMA;6;5;Senador;230000609420;107;ANTÔNIO MECIAS PEREIRA DE JESUS;MECIAS DE JESUS;#NULO#;12;APTO;2;DEFERIDO;Coligaçăo;10;PRB;Partido Republicano Brasileiro;230000050244;AGORA É RORAIMA COM TUDO;PSL / PRB / PTC / PRP / PROS / PSC / PPL;1;ELEITO;N;2103
15/05/2022;04:45:39;2018;2;Eleiçăo Ordinária;1;297;ELEIÇŐES GERAIS ESTADUAIS 2018;07/10/2018;E;RR;RR;RORAIMA;03042;AMAJARI;7;5;Senador;230000609420;107;ANTÔNIO MECIAS PEREIRA DE JESUS;MECIAS DE JESUS;#NULO#;12;APTO;2;DEFERIDO;Coligaçăo;10;PRB;Partido Republicano Brasileiro;230000050244;AGORA É RORAIMA COM TUDO;PSL / PRB / PTC / PRP / PROS / PSC / PPL;1;ELEITO;N;1774
15/05/2022;04:45:39;2018;2;Eleiçăo Ordinária;1;297;ELEIÇŐES GERAIS ESTADUAIS 2018;07/10/2018;E;RR;RR;RORAIMA;03026;IRACEMA;6;5;Senador;230000601673;255;FRANCISCO DE ASSIS RODRIGUES;CHICO RODRIGUES;#NULO#;12;APTO;2;DEFERIDO;Coligaçăo;25;DEM;Democratas;230000050050;TODOS POR RORAIMA ;PSDB / DEM / MDB / PSD / PPS / SOLIDARIEDADE / DC;1;ELEITO;N;943
15/05/2022;04:45:39;2018;2;Eleiçăo Ordinária;1;297;ELEIÇŐES GERAIS ESTADUAIS 2018;07/10/2018;E;RR;RR;RORAIMA;03018;BOA VISTA;5;3;Governador;230000614383;11;MARIA SUELY SILVA CAMPOS;SUELY CAMPOS;#NULO#;12;APTO;16;DEFERIDO COM RECURSO;Coligaçăo;11;PP;Partido Progressista;230000050380;NA LUTA POR RORAIMA;PP / PDT / PODE / PRTB / PR / PHS / PC do B;4;NĂO ELEITO;N;5639
15/05/2022;04:45:39;2018;2;Eleiçăo Ordinária;1;297;ELEIÇŐES GERAIS ESTADUAIS 2018;07/10/2018;E;RR;RR;RORAIMA;03158;SĂO LUIZ;4;3;Governador;230000614383;11;MARIA SUELY SILVA CAMPOS;SUELY CAMPOS;#NULO#;12;APTO;16;DEFERIDO COM RECURSO;Coligaçăo;11;PP;Partido Progressista;230000050380;NA LUTA POR RORAIMA;PP / PDT / PODE / PRTB / PR / PHS / PC do B;4;NĂO ELEITO;N;652
15/05/2022;04:45:39;2018;2;Eleiçăo Ordinária;1;297;ELEIÇŐES GERAIS ESTADUAIS 2018;07/10/2018;E;RR;RR;RORAIMA;03107;UIRAMUTĂ;7;3;Governador;230000614383;11;MARIA SUELY SILVA CAMPOS;SUELY CAMPOS;#NULO#;12;APTO;16;DEFERIDO COM RECURSO;Coligaçăo;11;PP;Partido Progressista;230000050380;NA LUTA POR RORAIMA;PP / PDT / PODE / PRTB / PR / PHS / PC do B;4;NĂO ELEITO;N;666
15/05/2022;04:45:39;2018;2;Eleiçăo Ordinária;1;297;ELEIÇŐES GERAIS ESTADUAIS 2018;07/10/2018;E;RR;RR;RORAIMA;03107;UIRAMUTĂ;7;5;Senador;230000614179;161;LOURIVAL GOMES DA SILVA FERREIRA;LOURIVAL;#NULO#;12;APTO;2;DEFERIDO;Coligaçăo;16;PSTU;Partido Socialista dos Trabalhadores Unificado;230000050376;FRENTE DE ESQUERDA SOCIALISTA;PCB / PSOL / PSTU;4;NĂO ELEITO;N;1
15/05/2022;04:45:39;2018;2;Eleiçăo Ordinária;1;297;ELEIÇŐES GERAIS ESTADUAIS 2018;07/10/2018;E;RR;RR;RORAIMA;03085;RORAINÓPOLIS;8;5;Senador;230000614179;161;LOURIVAL GOMES DA SILVA FERREIRA;LOURIVAL;#NULO#;12;APTO;2;DEFERIDO;Coligaçăo;16;PSTU;Partido Socialista dos Trabalhadores Unificado;230000050376;FRENTE DE ESQUERDA SOCIALISTA;PCB / PSOL / PSTU;4;NĂO ELEITO;N;29
15/05/2022;04:45:39;2018;2;Eleiçăo Ordinária;1;297;ELEIÇŐES GERAIS ESTADUAIS 2018;07/10/2018;E;RR;RR;RORAIMA;03131;SĂO JOĂO DA BALIZA;4;5;Senador;230000614179;161;LOURIVAL GOMES DA SILVA FERREIRA;LOURIVAL;#NULO#;12;APTO;2;DEFERIDO;Coligaçăo;16;PSTU;Partido Socialista dos Trabalhadores Unificado;230000050376;FRENTE DE ESQUERDA SOCIALISTA;PCB / PSOL / PSTU;4;NĂO ELEITO;N;8
15/05/2022;04:45:39;2018;2;Eleiçăo Ordinária;1;297;ELEIÇŐES GERAIS ESTADUAIS 2018;07/10/2018;E;RR;RR;RORAIMA;03042;AMAJARI;7;5;Senador;230000614196;212;TELMA MARQUES DA SILVA;TELMA TAUREPANG;#NULO#;12;APTO;2;DEFERIDO;Coligaçăo;21;PCB;Partido Comunista Brasileiro;230000050376;FRENTE DE ESQUERDA SOCIALISTA;PCB / PSOL / PSTU;4;NĂO ELEITO;N;860
15/05/2022;04:45:39;2018;2;Eleiçăo Ordinária;1;297;ELEIÇŐES GERAIS ESTADUAIS 2018;07/10/2018;E;RR;RR;RORAIMA;03107;UIRAMUTĂ;7;3;Governador;230000614177;50;FÁBIO GONÇALVES DE ALMEIDA;FÁBIO;#NULO#;12;APTO;2;DEFERIDO;Coligaçăo;50;PSOL;Partido Socialismo e Liberdade;230000050376;FRENTE DE ESQUERDA SOCIALISTA;PCB / PSOL / PSTU;4;NĂO ELEITO;N;33
15/05/2022;04:45:39;2018;2;Eleiçăo Ordinária;1;297;ELEIÇŐES GERAIS ESTADUAIS 2018;07/10/2018;E;RR;RR;RORAIMA;03000;CAROEBE;4;3;Governador;230000614177;50;FÁBIO GONÇALVES DE ALMEIDA;FÁBIO;#NULO#;12;APTO;2;DEFERIDO;Coligaçăo;50;PSOL;Partido Socialismo e Liberdade;230000050376;FRENTE DE ESQUERDA SOCIALISTA;PCB / PSOL / PSTU;4;NĂO ELEITO;N;37
15/05/2022;04:45:39;2018;2;Eleiçăo Ordinária;1;297;ELEIÇŐES GERAIS ESTADUAIS 2018;07/10/2018;E;RR;RR;RORAIMA;03026;IRACEMA;6;5;Senador;230000601676;156;ROMERO JUCÁ FILHO;ROMERO JUCÁ;#NULO#;12;APTO;2;DEFERIDO;Coligaçăo;15;MDB;Movimento Democrático Brasileiro;230000050050;TODOS POR RORAIMA ;PSDB / DEM / MDB / PSD / PPS / SOLIDARIEDADE / DC;4;NĂO ELEITO;N;1582
15/05/2022;04:45:39;2018;2;Eleiçăo Ordinária;1;297;ELEIÇŐES GERAIS ESTADUAIS 2018;07/10/2018;E;RR;RR;RORAIMA;03069;CANTÁ;5;5;Senador;230000601676;156;ROMERO JUCÁ FILHO;ROMERO JUCÁ;#NULO#;12;APTO;2;DEFERIDO;Coligaçăo;15;MDB;Movimento Democrático Brasileiro;230000050050;TODOS POR RORAIMA ;PSDB / DEM / MDB / PSD / PPS / SOLIDARIEDADE / DC;4;NĂO ELEITO;N;3707
15/05/2022;04:45:39;2018;2;Eleiçăo Ordinária;1;297;ELEIÇŐES GERAIS ESTADUAIS 2018;07/10/2018;E;RR;RR;RORAIMA;03115;NORMANDIA;5;5;Senador;230000601676;156;ROMERO JUCÁ FILHO;ROMERO JUCÁ;#NULO#;12;APTO;2;DEFERIDO;Coligaçăo;15;MDB;Movimento Democrático Brasileiro;230000050050;TODOS POR RORAIMA ;PSDB / DEM / MDB / PSD / PPS / SOLIDARIEDADE / DC;4;NĂO ELEITO;N;2059
15/05/2022;04:45:39;2018;2;Eleiçăo Ordinária;1;297;ELEIÇŐES GERAIS ESTADUAIS 2018;07/10/2018;E;RR;RR;RORAIMA;03050;ALTO ALEGRE;3;5;Senador;230000601676;156;ROMERO JUCÁ FILHO;ROMERO JUCÁ;#NULO#;12;APTO;2;DEFERIDO;Coligaçăo;15;MDB;Movimento Democrático Brasileiro;230000050050;TODOS POR RORAIMA ;PSDB / DEM / MDB / PSD / PPS / SOLIDARIEDADE / DC;4;NĂO ELEITO;N;2633
15/05/2022;04:45:39;2018;2;Eleiçăo Ordinária;1;297;ELEIÇŐES GERAIS ESTADUAIS 2018;07/10/2018;E;RR;RR;RORAIMA;03131;SĂO JOĂO DA BALIZA;4;5;Senador;230000601676;156;ROMERO JUCÁ FILHO;ROMERO JUCÁ;#NULO#;12;APTO;2;DEFERIDO;Coligaçăo;15;MDB;Movimento Democrático Brasileiro;230000050050;TODOS POR RORAIMA ;PSDB / DEM / MDB / PSD / PPS / SOLIDARIEDADE / DC;4;NĂO ELEITO;N;1260
15/05/2022;04:45:39;2018;2;Eleiçăo Ordinária;1;297;ELEIÇŐES GERAIS ESTADUAIS 2018;07/10/2018;E;RR;RR;RORAIMA;03115;NORMANDIA;5;3;Governador;230000614177;50;FÁBIO GONÇALVES DE ALMEIDA;FÁBIO;#NULO#;12;APTO;2;DEFERIDO;Coligaçăo;50;PSOL;Partido Socialismo e Liberdade;230000050376;FRENTE DE ESQUERDA SOCIALISTA;PCB / PSOL / PSTU;4;NĂO ELEITO;N;47
15/05/2022;04:45:39;2018;2;Eleiçăo Ordinária;1;297;ELEIÇŐES GERAIS ESTADUAIS 2018;07/10/2018;E;RR;RR;RORAIMA;03050;ALTO ALEGRE;3;3;Governador;230000614177;50;FÁBIO GONÇALVES DE ALMEIDA;FÁBIO;#NULO#;12;APTO;2;DEFERIDO;Coligaçăo;50;PSOL;Partido Socialismo e Liberdade;230000050376;FRENTE DE ESQUERDA SOCIALISTA;PCB / PSOL / PSTU;4;NĂO ELEITO;N;170
15/05/2022;04:45:39;2018;2;Eleiçăo Ordinária;1;297;ELEIÇŐES GERAIS ESTADUAIS 2018;07/10/2018;E;RR;RR;RORAIMA;03107;UIRAMUTĂ;7;5;Senador;230000615949;434;RUDSON LEITE DA SILVA;RUDSON LEITE;#NULO#;12;APTO;2;DEFERIDO;Coligaçăo;43;PV;Partido Verde;230000050426;DĘ UMA CHANCE PARA RORAIMA;PTB / PV / REDE / PT;4;NĂO ELEITO;N;74
15/05/2022;04:45:39;2018;2;Eleiçăo Ordinária;1;297;ELEIÇŐES GERAIS ESTADUAIS 2018;07/10/2018;E;RR;RR;RORAIMA;03115;NORMANDIA;5;5;Senador;230000615949;434;RUDSON LEITE DA SILVA;RUDSON LEITE;#NULO#;12;APTO;2;DEFERIDO;Coligaçăo;43;PV;Partido Verde;230000050426;DĘ UMA CHANCE PARA RORAIMA;PTB / PV / REDE / PT;4;NĂO ELEITO;N;37
15/05/2022;04:45:39;2018;2;Eleiçăo Ordinária;1;297;ELEIÇŐES GERAIS ESTADUAIS 2018;07/10/2018;E;RR;RR;RORAIMA;03050;ALTO ALEGRE;3;5;Senador;230000615949;434;RUDSON LEITE DA SILVA;RUDSON LEITE;#NULO#;12;APTO;2;DEFERIDO;Coligaçăo;43;PV;Partido Verde;230000050426;DĘ UMA CHANCE PARA RORAIMA;PTB / PV / REDE / PT;4;NĂO ELEITO;N;111
15/05/2022;04:45:39;2018;2;Eleiçăo Ordinária;1;297;ELEIÇŐES GERAIS ESTADUAIS 2018;07/10/2018;E;RR;RR;RORAIMA;03018;BOA VISTA;5;5;Senador;230000601673;255;FRANCISCO DE ASSIS RODRIGUES;CHICO RODRIGUES;#NULO#;12;APTO;2;DEFERIDO;Coligaçăo;25;DEM;Democratas;230000050050;TODOS POR RORAIMA ;PSDB / DEM / MDB / PSD / PPS / SOLIDARIEDADE / DC;1;ELEITO;N;34442
15/05/2022;04:45:39;2018;2;Eleiçăo Ordinária;1;297;ELEIÇŐES GERAIS ESTADUAIS 2018;07/10/2018;E;RR;RR;RORAIMA;03069;CANTÁ;5;5;Senador;230000615949;434;RUDSON LEITE DA SILVA;RUDSON LEITE;#NULO#;12;APTO;2;DEFERIDO;Coligaçăo;43;PV;Partido Verde;230000050426;DĘ UMA CHANCE PARA RORAIMA;PTB / PV / REDE / PT;4;NĂO ELEITO;N;120
15/05/2022;04:45:39;2018;2;Eleiçăo Ordinária;1;297;ELEIÇŐES GERAIS ESTADUAIS 2018;07/10/2018;E;RR;RR;RORAIMA;03018;BOA VISTA;5;3;Governador;230000615946;14;TELMÁRIO MOTA DE OLIVEIRA;TELMÁRIO MOTA;#NULO#;12;APTO;2;DEFERIDO;Coligaçăo;14;PTB;Partido Trabalhista Brasileiro;230000050426;DĘ UMA CHANCE PARA RORAIMA;PTB / PV / REDE / PT;4;NĂO ELEITO;N;1664
15/05/2022;04:45:39;2018;2;Eleiçăo Ordinária;1;297;ELEIÇŐES GERAIS ESTADUAIS 2018;07/10/2018;E;RR;RR;RORAIMA;03123;PACARAIMA;7;3;Governador;230000615946;14;TELMÁRIO MOTA DE OLIVEIRA;TELMÁRIO MOTA;#NULO#;12;APTO;2;DEFERIDO;Coligaçăo;14;PTB;Partido Trabalhista Brasileiro;230000050426;DĘ UMA CHANCE PARA RORAIMA;PTB / PV / REDE / PT;4;NĂO ELEITO;N;1018
15/05/2022;04:45:39;2018;2;Eleiçăo Ordinária;1;297;ELEIÇŐES GERAIS ESTADUAIS 2018;07/10/2018;E;RR;RR;RORAIMA;03069;CANTÁ;5;3;Governador;230000615946;14;TELMÁRIO MOTA DE OLIVEIRA;TELMÁRIO MOTA;#NULO#;12;APTO;2;DEFERIDO;Coligaçăo;14;PTB;Partido Trabalhista Brasileiro;230000050426;DĘ UMA CHANCE PARA RORAIMA;PTB / PV / REDE / PT;4;NĂO ELEITO;N;233
15/05/2022;04:45:39;2018;2;Eleiçăo Ordinária;1;297;ELEIÇŐES GERAIS ESTADUAIS 2018;07/10/2018;E;RR;RR;RORAIMA;03085;RORAINÓPOLIS;8;3;Governador;230000615946;14;TELMÁRIO MOTA DE OLIVEIRA;TELMÁRIO MOTA;#NULO#;12;APTO;2;DEFERIDO;Coligaçăo;14;PTB;Partido Trabalhista Brasileiro;230000050426;DĘ UMA CHANCE PARA RORAIMA;PTB / PV / REDE / PT;4;NĂO ELEITO;N;314
15/05/2022;04:45:39;2018;2;Eleiçăo Ordinária;1;297;ELEIÇŐES GERAIS ESTADUAIS 2018;07/10/2018;E;RR;RR;RORAIMA;03158;SĂO LUIZ;4;3;Governador;230000615946;14;TELMÁRIO MOTA DE OLIVEIRA;TELMÁRIO MOTA;#NULO#;12;APTO;2;DEFERIDO;Coligaçăo;14;PTB;Partido Trabalhista Brasileiro;230000050426;DĘ UMA CHANCE PARA RORAIMA;PTB / PV / REDE / PT;4;NĂO ELEITO;N;85
15/05/2022;04:45:39;2018;2;Eleiçăo Ordinária;1;297;ELEIÇŐES GERAIS ESTADUAIS 2018;07/10/2018;E;RR;RR;RORAIMA;03018;BOA VISTA;5;5;Senador;230000614386;222;LUCIANO DE SOUZA CASTRO;LUCIANO CASTRO;#NULO#;12;APTO;2;DEFERIDO;Coligaçăo;22;PR;Partido da República;230000050380;NA LUTA POR RORAIMA;PP / PDT / PODE / PRTB / PR / PHS / PC do B;4;NĂO ELEITO;N;15471
15/05/2022;04:45:39;2018;2;Eleiçăo Ordinária;1;297;ELEIÇŐES GERAIS ESTADUAIS 2018;07/10/2018;E;RR;RR;RORAIMA;03042;AMAJARI;7;5;Senador;230000614386;222;LUCIANO DE SOUZA CASTRO;LUCIANO CASTRO;#NULO#;12;APTO;2;DEFERIDO;Coligaçăo;22;PR;Partido da República;230000050380;NA LUTA POR RORAIMA;PP / PDT / PODE / PRTB / PR / PHS / PC do B;4;NĂO ELEITO;N;1035
15/05/2022;04:45:39;2018;2;Eleiçăo Ordinária;1;297;ELEIÇŐES GERAIS ESTADUAIS 2018;07/10/2018;E;RR;RR;RORAIMA;03093;MUCAJAÍ;6;5;Senador;230000609420;107;ANTÔNIO MECIAS PEREIRA DE JESUS;MECIAS DE JESUS;#NULO#;12;APTO;2;DEFERIDO;Coligaçăo;10;PRB;Partido Republicano Brasileiro;230000050244;AGORA É RORAIMA COM TUDO;PSL / PRB / PTC / PRP / PROS / PSC / PPL;1;ELEITO;N;3708
15/05/2022;04:45:39;2018;2;Eleiçăo Ordinária;1;297;ELEIÇŐES GERAIS ESTADUAIS 2018;07/10/2018;E;RR;RR;RORAIMA;03131;SĂO JOĂO DA BALIZA;4;3;Governador;230000601679;45;JOSE DE ANCHIETA JUNIOR;ANCHIETA;#NULO#;12;APTO;2;DEFERIDO;Coligaçăo;45;PSDB;Partido da Social Democracia Brasileira;230000050050;TODOS POR RORAIMA ;PSDB / DEM / MDB / PSD / PPS / SOLIDARIEDADE / DC;6;2ş TURNO;N;1256
15/05/2022;04:45:39;2018;2;Eleiçăo Ordinária;1;297;ELEIÇŐES GERAIS ESTADUAIS 2018;07/10/2018;E;RR;RR;RORAIMA;03115;NORMANDIA;5;3;Governador;230000601679;45;JOSE DE ANCHIETA JUNIOR;ANCHIETA;#NULO#;12;APTO;2;DEFERIDO;Coligaçăo;45;PSDB;Partido da Social Democracia Brasileira;230000050050;TODOS POR RORAIMA ;PSDB / DEM / MDB / PSD / PPS / SOLIDARIEDADE / DC;6;2ş TURNO;N;2614
15/05/2022;04:45:39;2018;2;Eleiçăo Ordinária;1;297;ELEIÇŐES GERAIS ESTADUAIS 2018;07/10/2018;E;RR;RR;RORAIMA;03069;CANTÁ;5;3;Governador;230000614383;11;MARIA SUELY SILVA CAMPOS;SUELY CAMPOS;#NULO#;12;APTO;16;DEFERIDO COM RECURSO;Coligaçăo;11;PP;Partido Progressista;230000050380;NA LUTA POR RORAIMA;PP / PDT / PODE / PRTB / PR / PHS / PC do B;4;NĂO ELEITO;N;668
15/05/2022;04:45:39;2018;2;Eleiçăo Ordinária;1;297;ELEIÇŐES GERAIS ESTADUAIS 2018;07/10/2018;E;RR;RR;RORAIMA;03026;IRACEMA;6;3;Governador;230000614383;11;MARIA SUELY SILVA CAMPOS;SUELY CAMPOS;#NULO#;12;APTO;16;DEFERIDO COM RECURSO;Coligaçăo;11;PP;Partido Progressista;230000050380;NA LUTA POR RORAIMA;PP / PDT / PODE / PRTB / PR / PHS / PC do B;4;NĂO ELEITO;N;316
15/05/2022;04:45:39;2018;2;Eleiçăo Ordinária;1;297;ELEIÇŐES GERAIS ESTADUAIS 2018;07/10/2018;E;RR;RR;RORAIMA;03034;CARACARAÍ;2;5;Senador;230000601676;156;ROMERO JUCÁ FILHO;ROMERO JUCÁ;#NULO#;12;APTO;2;DEFERIDO;Coligaçăo;15;MDB;Movimento Democrático Brasileiro;230000050050;TODOS POR RORAIMA ;PSDB / DEM / MDB / PSD / PPS / SOLIDARIEDADE / DC;4;NĂO ELEITO;N;3402
15/05/2022;04:45:39;2018;2;Eleiçăo Ordinária;1;297;ELEIÇŐES GERAIS ESTADUAIS 2018;07/10/2018;E;RR;RR;RORAIMA;03093;MUCAJAÍ;6;5;Senador;230000601676;156;ROMERO JUCÁ FILHO;ROMERO JUCÁ;#NULO#;12;APTO;2;DEFERIDO;Coligaçăo;15;MDB;Movimento Democrático Brasileiro;230000050050;TODOS POR RORAIMA ;PSDB / DEM / MDB / PSD / PPS / SOLIDARIEDADE / DC;4;NĂO ELEITO;N;2757
15/05/2022;04:45:39;2018;2;Eleiçăo Ordinária;1;297;ELEIÇŐES GERAIS ESTADUAIS 2018;07/10/2018;E;RR;RR;RORAIMA;03026;IRACEMA;6;5;Senador;230000614388;123;ANGELA MARIA GOMES PORTELA;ANGELA PORTELA;#NULO#;12;APTO;2;DEFERIDO;Coligaçăo;12;PDT;Partido Democrático Trabalhista;230000050380;NA LUTA POR RORAIMA;PP / PDT / PODE / PRTB / PR / PHS / PC do B;4;NĂO ELEITO;N;1209
15/05/2022;04:45:39;2018;2;Eleiçăo Ordinária;1;297;ELEIÇŐES GERAIS ESTADUAIS 2018;07/10/2018;E;RR;RR;RORAIMA;03018;BOA VISTA;1;5;Senador;230000614388;123;ANGELA MARIA GOMES PORTELA;ANGELA PORTELA;#NULO#;12;APTO;2;DEFERIDO;Coligaçăo;12;PDT;Partido Democrático Trabalhista;230000050380;NA LUTA POR RORAIMA;PP / PDT / PODE / PRTB / PR / PHS / PC do B;4;NĂO ELEITO;N;22080
15/05/2022;04:45:39;2018;2;Eleiçăo Ordinária;1;297;ELEIÇŐES GERAIS ESTADUAIS 2018;07/10/2018;E;RR;RR;RORAIMA;03115;NORMANDIA;5;5;Senador;230000614388;123;ANGELA MARIA GOMES PORTELA;ANGELA PORTELA;#NULO#;12;APTO;2;DEFERIDO;Coligaçăo;12;PDT;Partido Democrático Trabalhista;230000050380;NA LUTA POR RORAIMA;PP / PDT / PODE / PRTB / PR / PHS / PC do B;4;NĂO ELEITO;N;2363
15/05/2022;04:45:39;2018;2;Eleiçăo Ordinária;1;297;ELEIÇŐES GERAIS ESTADUAIS 2018;07/10/2018;E;RR;RR;RORAIMA;03123;PACARAIMA;7;5;Senador;230000614388;123;ANGELA MARIA GOMES PORTELA;ANGELA PORTELA;#NULO#;12;APTO;2;DEFERIDO;Coligaçăo;12;PDT;Partido Democrático Trabalhista;230000050380;NA LUTA POR RORAIMA;PP / PDT / PODE / PRTB / PR / PHS / PC do B;4;NĂO ELEITO;N;2189
15/05/2022;04:45:39;2018;2;Eleiçăo Ordinária;1;297;ELEIÇŐES GERAIS ESTADUAIS 2018;07/10/2018;E;RR;RR;RORAIMA;03085;RORAINÓPOLIS;8;5;Senador;230000614388;123;ANGELA MARIA GOMES PORTELA;ANGELA PORTELA;#NULO#;12;APTO;2;DEFERIDO;Coligaçăo;12;PDT;Partido Democrático Trabalhista;230000050380;NA LUTA POR RORAIMA;PP / PDT / PODE / PRTB / PR / PHS / PC do B;4;NĂO ELEITO;N;3713
15/05/2022;04:45:39;2018;2;Eleiçăo Ordinária;1;297;ELEIÇŐES GERAIS ESTADUAIS 2018;07/10/2018;E;RR;RR;RORAIMA;03107;UIRAMUTĂ;7;5;Senador;230000614196;212;TELMA MARQUES DA SILVA;TELMA TAUREPANG;#NULO#;12;APTO;2;DEFERIDO;Coligaçăo;21;PCB;Partido Comunista Brasileiro;230000050376;FRENTE DE ESQUERDA SOCIALISTA;PCB / PSOL / PSTU;4;NĂO ELEITO;N;938
15/05/2022;04:45:39;2018;2;Eleiçăo Ordinária;1;297;ELEIÇŐES GERAIS ESTADUAIS 2018;07/10/2018;E;RR;RR;RORAIMA;03018;BOA VISTA;1;5;Senador;230000614196;212;TELMA MARQUES DA SILVA;TELMA TAUREPANG;#NULO#;12;APTO;2;DEFERIDO;Coligaçăo;21;PCB;Partido Comunista Brasileiro;230000050376;FRENTE DE ESQUERDA SOCIALISTA;PCB / PSOL / PSTU;4;NĂO ELEITO;N;4694
15/05/2022;04:45:39;2018;2;Eleiçăo Ordinária;1;297;ELEIÇŐES GERAIS ESTADUAIS 2018;07/10/2018;E;RR;RR;RORAIMA;03018;BOA VISTA;1;5;Senador;230000609417;177;ISAMAR PESSOA RAMALHO;PR.ISAMAR RAMALHO;#NULO#;12;APTO;2;DEFERIDO;Coligaçăo;17;PSL;Partido Social Liberal;230000050244;AGORA É RORAIMA COM TUDO;PSL / PRB / PTC / PRP / PROS / PSC / PPL;4;NĂO ELEITO;N;17847
15/05/2022;04:45:39;2018;2;Eleiçăo Ordinária;1;297;ELEIÇŐES GERAIS ESTADUAIS 2018;07/10/2018;E;RR;RR;RORAIMA;03069;CANTÁ;5;5;Senador;230000609417;177;ISAMAR PESSOA RAMALHO;PR.ISAMAR RAMALHO;#NULO#;12;APTO;2;DEFERIDO;Coligaçăo;17;PSL;Partido Social Liberal;230000050244;AGORA É RORAIMA COM TUDO;PSL / PRB / PTC / PRP / PROS / PSC / PPL;4;NĂO ELEITO;N;1345
15/05/2022;04:45:39;2018;2;Eleiçăo Ordinária;1;297;ELEIÇŐES GERAIS ESTADUAIS 2018;07/10/2018;E;RR;RR;RORAIMA;03069;CANTÁ;5;3;Governador;230000609415;17;ANTONIO OLIVERIO GARCIA DE ALMEIDA;ANTONIO DENARIUM;#NULO#;12;APTO;2;DEFERIDO;Coligaçăo;17;PSL;Partido Social Liberal;230000050244;AGORA É RORAIMA COM TUDO;PSL / PRB / PTC / PRP / PROS / PSC / PPL;6;2ş TURNO;N;3247
15/05/2022;04:45:39;2018;2;Eleiçăo Ordinária;1;297;ELEIÇŐES GERAIS ESTADUAIS 2018;07/10/2018;E;RR;RR;RORAIMA;03123;PACARAIMA;7;5;Senador;230000609417;177;ISAMAR PESSOA RAMALHO;PR.ISAMAR RAMALHO;#NULO#;12;APTO;2;DEFERIDO;Coligaçăo;17;PSL;Partido Social Liberal;230000050244;AGORA É RORAIMA COM TUDO;PSL / PRB / PTC / PRP / PROS / PSC / PPL;4;NĂO ELEITO;N;978
15/05/2022;04:45:39;2018;2;Eleiçăo Ordinária;1;297;ELEIÇŐES GERAIS ESTADUAIS 2018;07/10/2018;E;RR;RR;RORAIMA;03158;SĂO LUIZ;4;5;Senador;230000614196;212;TELMA MARQUES DA SILVA;TELMA TAUREPANG;#NULO#;12;APTO;2;DEFERIDO;Coligaçăo;21;PCB;Partido Comunista Brasileiro;230000050376;FRENTE DE ESQUERDA SOCIALISTA;PCB / PSOL / PSTU;4;NĂO ELEITO;N;98
15/05/2022;04:45:39;2018;2;Eleiçăo Ordinária;1;297;ELEIÇŐES GERAIS ESTADUAIS 2018;07/10/2018;E;RR;RR;RORAIMA;03077;BONFIM;5;5;Senador;230000614196;212;TELMA MARQUES DA SILVA;TELMA TAUREPANG;#NULO#;12;APTO;2;DEFERIDO;Coligaçăo;21;PCB;Partido Comunista Brasileiro;230000050376;FRENTE DE ESQUERDA SOCIALISTA;PCB / PSOL / PSTU;4;NĂO ELEITO;N;774
15/05/2022;04:45:39;2018;2;Eleiçăo Ordinária;1;297;ELEIÇŐES GERAIS ESTADUAIS 2018;07/10/2018;E;RR;RR;RORAIMA;03026;IRACEMA;6;5;Senador;230000614179;161;LOURIVAL GOMES DA SILVA FERREIRA;LOURIVAL;#NULO#;12;APTO;2;DEFERIDO;Coligaçăo;16;PSTU;Partido Socialista dos Trabalhadores Unificado;230000050376;FRENTE DE ESQUERDA SOCIALISTA;PCB / PSOL / PSTU;4;NĂO ELEITO;N;11
15/05/2022;04:45:39;2018;2;Eleiçăo Ordinária;1;297;ELEIÇŐES GERAIS ESTADUAIS 2018;07/10/2018;E;RR;RR;RORAIMA;03034;CARACARAÍ;2;3;Governador;230000609415;17;ANTONIO OLIVERIO GARCIA DE ALMEIDA;ANTONIO DENARIUM;#NULO#;12;APTO;2;DEFERIDO;Coligaçăo;17;PSL;Partido Social Liberal;230000050244;AGORA É RORAIMA COM TUDO;PSL / PRB / PTC / PRP / PROS / PSC / PPL;6;2ş TURNO;N;4196
15/05/2022;04:45:39;2018;2;Eleiçăo Ordinária;1;297;ELEIÇŐES GERAIS ESTADUAIS 2018;07/10/2018;E;RR;RR;RORAIMA;03050;ALTO ALEGRE;3;5;Senador;230000609417;177;ISAMAR PESSOA RAMALHO;PR.ISAMAR RAMALHO;#NULO#;12;APTO;2;DEFERIDO;Coligaçăo;17;PSL;Partido Social Liberal;230000050244;AGORA É RORAIMA COM TUDO;PSL / PRB / PTC / PRP / PROS / PSC / PPL;4;NĂO ELEITO;N;1301
15/05/2022;04:45:39;2018;2;Eleiçăo Ordinária;1;297;ELEIÇŐES GERAIS ESTADUAIS 2018;07/10/2018;E;RR;RR;RORAIMA;03115;NORMANDIA;5;5;Senador;230000609417;177;ISAMAR PESSOA RAMALHO;PR.ISAMAR RAMALHO;#NULO#;12;APTO;2;DEFERIDO;Coligaçăo;17;PSL;Partido Social Liberal;230000050244;AGORA É RORAIMA COM TUDO;PSL / PRB / PTC / PRP / PROS / PSC / PPL;4;NĂO ELEITO;N;853
15/05/2022;04:45:39;2018;2;Eleiçăo Ordinária;1;297;ELEIÇŐES GERAIS ESTADUAIS 2018;07/10/2018;E;RR;RR;RORAIMA;03131;SĂO JOĂO DA BALIZA;4;3;Governador;230000609415;17;ANTONIO OLIVERIO GARCIA DE ALMEIDA;ANTONIO DENARIUM;#NULO#;12;APTO;2;DEFERIDO;Coligaçăo;17;PSL;Partido Social Liberal;230000050244;AGORA É RORAIMA COM TUDO;PSL / PRB / PTC / PRP / PROS / PSC / PPL;6;2ş TURNO;N;1720
15/05/2022;04:45:39;2018;2;Eleiçăo Ordinária;1;297;ELEIÇŐES GERAIS ESTADUAIS 2018;07/10/2018;E;RR;RR;RORAIMA;03085;RORAINÓPOLIS;8;5;Senador;230000614386;222;LUCIANO DE SOUZA CASTRO;LUCIANO CASTRO;#NULO#;12;APTO;2;DEFERIDO;Coligaçăo;22;PR;Partido da República;230000050380;NA LUTA POR RORAIMA;PP / PDT / PODE / PRTB / PR / PHS / PC do B;4;NĂO ELEITO;N;2857
15/05/2022;04:45:39;2018;2;Eleiçăo Ordinária;1;297;ELEIÇŐES GERAIS ESTADUAIS 2018;07/10/2018;E;RR;RR;RORAIMA;03093;MUCAJAÍ;6;5;Senador;230000614386;222;LUCIANO DE SOUZA CASTRO;LUCIANO CASTRO;#NULO#;12;APTO;2;DEFERIDO;Coligaçăo;22;PR;Partido da República;230000050380;NA LUTA POR RORAIMA;PP / PDT / PODE / PRTB / PR / PHS / PC do B;4;NĂO ELEITO;N;2337
15/05/2022;04:45:39;2018;2;Eleiçăo Ordinária;1;297;ELEIÇŐES GERAIS ESTADUAIS 2018;07/10/2018;E;RR;RR;RORAIMA;03042;AMAJARI;7;5;Senador;230000601676;156;ROMERO JUCÁ FILHO;ROMERO JUCÁ;#NULO#;12;APTO;2;DEFERIDO;Coligaçăo;15;MDB;Movimento Democrático Brasileiro;230000050050;TODOS POR RORAIMA ;PSDB / DEM / MDB / PSD / PPS / SOLIDARIEDADE / DC;4;NĂO ELEITO;N;1600
15/05/2022;04:45:39;2018;2;Eleiçăo Ordinária;1;297;ELEIÇŐES GERAIS ESTADUAIS 2018;07/10/2018;E;RR;RR;RORAIMA;03042;AMAJARI;7;5;Senador;230000614388;123;ANGELA MARIA GOMES PORTELA;ANGELA PORTELA;#NULO#;12;APTO;2;DEFERIDO;Coligaçăo;12;PDT;Partido Democrático Trabalhista;230000050380;NA LUTA POR RORAIMA;PP / PDT / PODE / PRTB / PR / PHS / PC do B;4;NĂO ELEITO;N;1831
15/05/2022;04:45:39;2018;2;Eleiçăo Ordinária;1;297;ELEIÇŐES GERAIS ESTADUAIS 2018;07/10/2018;E;RR;RR;RORAIMA;03077;BONFIM;5;5;Senador;230000614388;123;ANGELA MARIA GOMES PORTELA;ANGELA PORTELA;#NULO#;12;APTO;2;DEFERIDO;Coligaçăo;12;PDT;Partido Democrático Trabalhista;230000050380;NA LUTA POR RORAIMA;PP / PDT / PODE / PRTB / PR / PHS / PC do B;4;NĂO ELEITO;N;2396
15/05/2022;04:45:39;2018;2;Eleiçăo Ordinária;1;297;ELEIÇŐES GERAIS ESTADUAIS 2018;07/10/2018;E;RR;RR;RORAIMA;03085;RORAINÓPOLIS;8;3;Governador;230000614177;50;FÁBIO GONÇALVES DE ALMEIDA;FÁBIO;#NULO#;12;APTO;2;DEFERIDO;Coligaçăo;50;PSOL;Partido Socialismo e Liberdade;230000050376;FRENTE DE ESQUERDA SOCIALISTA;PCB / PSOL / PSTU;4;NĂO ELEITO;N;122
15/05/2022;04:45:39;2018;2;Eleiçăo Ordinária;1;297;ELEIÇŐES GERAIS ESTADUAIS 2018;07/10/2018;E;RR;RR;RORAIMA;03026;IRACEMA;6;3;Governador;230000614177;50;FÁBIO GONÇALVES DE ALMEIDA;FÁBIO;#NULO#;12;APTO;2;DEFERIDO;Coligaçăo;50;PSOL;Partido Socialismo e Liberdade;230000050376;FRENTE DE ESQUERDA SOCIALISTA;PCB / PSOL / PSTU;4;NĂO ELEITO;N;84
15/05/2022;04:45:39;2018;2;Eleiçăo Ordinária;1;297;ELEIÇŐES GERAIS ESTADUAIS 2018;07/10/2018;E;RR;RR;RORAIMA;03069;CANTÁ;5;5;Senador;230000614386;222;LUCIANO DE SOUZA CASTRO;LUCIANO CASTRO;#NULO#;12;APTO;2;DEFERIDO;Coligaçăo;22;PR;Partido da República;230000050380;NA LUTA POR RORAIMA;PP / PDT / PODE / PRTB / PR / PHS / PC do B;4;NĂO ELEITO;N;1770
15/05/2022;04:45:39;2018;2;Eleiçăo Ordinária;1;297;ELEIÇŐES GERAIS ESTADUAIS 2018;07/10/2018;E;RR;RR;RORAIMA;03158;SĂO LUIZ;4;5;Senador;230000614386;222;LUCIANO DE SOUZA CASTRO;LUCIANO CASTRO;#NULO#;12;APTO;2;DEFERIDO;Coligaçăo;22;PR;Partido da República;230000050380;NA LUTA POR RORAIMA;PP / PDT / PODE / PRTB / PR / PHS / PC do B;4;NĂO ELEITO;N;457
15/05/2022;04:45:39;2018;2;Eleiçăo Ordinária;1;297;ELEIÇŐES GERAIS ESTADUAIS 2018;07/10/2018;E;RR;RR;RORAIMA;03000;CAROEBE;4;5;Senador;230000614386;222;LUCIANO DE SOUZA CASTRO;LUCIANO CASTRO;#NULO#;12;APTO;2;DEFERIDO;Coligaçăo;22;PR;Partido da República;230000050380;NA LUTA POR RORAIMA;PP / PDT / PODE / PRTB / PR / PHS / PC do B;4;NĂO ELEITO;N;896
15/05/2022;04:45:39;2018;2;Eleiçăo Ordinária;1;297;ELEIÇŐES GERAIS ESTADUAIS 2018;07/10/2018;E;RR;RR;RORAIMA;03026;IRACEMA;6;5;Senador;230000614386;222;LUCIANO DE SOUZA CASTRO;LUCIANO CASTRO;#NULO#;12;APTO;2;DEFERIDO;Coligaçăo;22;PR;Partido da República;230000050380;NA LUTA POR RORAIMA;PP / PDT / PODE / PRTB / PR / PHS / PC do B;4;NĂO ELEITO;N;982
15/05/2022;04:45:39;2018;2;Eleiçăo Ordinária;1;297;ELEIÇŐES GERAIS ESTADUAIS 2018;07/10/2018;E;RR;RR;RORAIMA;03069;CANTÁ;5;5;Senador;230000614196;212;TELMA MARQUES DA SILVA;TELMA TAUREPANG;#NULO#;12;APTO;2;DEFERIDO;Coligaçăo;21;PCB;Partido Comunista Brasileiro;230000050376;FRENTE DE ESQUERDA SOCIALISTA;PCB / PSOL / PSTU;4;NĂO ELEITO;N;343
15/05/2022;04:45:39;2018;2;Eleiçăo Ordinária;1;297;ELEIÇŐES GERAIS ESTADUAIS 2018;07/10/2018;E;RR;RR;RORAIMA;03034;CARACARAÍ;2;5;Senador;230000614196;212;TELMA MARQUES DA SILVA;TELMA TAUREPANG;#NULO#;12;APTO;2;DEFERIDO;Coligaçăo;21;PCB;Partido Comunista Brasileiro;230000050376;FRENTE DE ESQUERDA SOCIALISTA;PCB / PSOL / PSTU;4;NĂO ELEITO;N;96
15/05/2022;04:45:39;2018;2;Eleiçăo Ordinária;1;297;ELEIÇŐES GERAIS ESTADUAIS 2018;07/10/2018;E;RR;RR;RORAIMA;03018;BOA VISTA;1;3;Governador;230000614177;50;FÁBIO GONÇALVES DE ALMEIDA;FÁBIO;#NULO#;12;APTO;2;DEFERIDO;Coligaçăo;50;PSOL;Partido Socialismo e Liberdade;230000050376;FRENTE DE ESQUERDA SOCIALISTA;PCB / PSOL / PSTU;4;NĂO ELEITO;N;6528
15/05/2022;04:45:39;2018;2;Eleiçăo Ordinária;1;297;ELEIÇŐES GERAIS ESTADUAIS 2018;07/10/2018;E;RR;RR;RORAIMA;03123;PACARAIMA;7;3;Governador;230000614177;50;FÁBIO GONÇALVES DE ALMEIDA;FÁBIO;#NULO#;12;APTO;2;DEFERIDO;Coligaçăo;50;PSOL;Partido Socialismo e Liberdade;230000050376;FRENTE DE ESQUERDA SOCIALISTA;PCB / PSOL / PSTU;4;NĂO ELEITO;N;108
15/05/2022;04:45:39;2018;2;Eleiçăo Ordinária;1;297;ELEIÇŐES GERAIS ESTADUAIS 2018;07/10/2018;E;RR;RR;RORAIMA;03042;AMAJARI;7;3;Governador;230000614177;50;FÁBIO GONÇALVES DE ALMEIDA;FÁBIO;#NULO#;12;APTO;2;DEFERIDO;Coligaçăo;50;PSOL;Partido Socialismo e Liberdade;230000050376;FRENTE DE ESQUERDA SOCIALISTA;PCB / PSOL / PSTU;4;NĂO ELEITO;N;72
15/05/2022;04:45:39;2018;2;Eleiçăo Ordinária;1;297;ELEIÇŐES GERAIS ESTADUAIS 2018;07/10/2018;E;RR;RR;RORAIMA;03050;ALTO ALEGRE;3;5;Senador;230000609420;107;ANTÔNIO MECIAS PEREIRA DE JESUS;MECIAS DE JESUS;#NULO#;12;APTO;2;DEFERIDO;Coligaçăo;10;PRB;Partido Republicano Brasileiro;230000050244;AGORA É RORAIMA COM TUDO;PSL / PRB / PTC / PRP / PROS / PSC / PPL;1;ELEITO;N;3389
15/05/2022;04:45:39;2018;2;Eleiçăo Ordinária;1;297;ELEIÇŐES GERAIS ESTADUAIS 2018;07/10/2018;E;RR;RR;RORAIMA;03123;PACARAIMA;7;5;Senador;230000609420;107;ANTÔNIO MECIAS PEREIRA DE JESUS;MECIAS DE JESUS;#NULO#;12;APTO;2;DEFERIDO;Coligaçăo;10;PRB;Partido Republicano Brasileiro;230000050244;AGORA É RORAIMA COM TUDO;PSL / PRB / PTC / PRP / PROS / PSC / PPL;1;ELEITO;N;2170
15/05/2022;04:45:39;2018;2;Eleiçăo Ordinária;1;297;ELEIÇŐES GERAIS ESTADUAIS 2018;07/10/2018;E;RR;RR;RORAIMA;03131;SĂO JOĂO DA BALIZA;4;5;Senador;230000609420;107;ANTÔNIO MECIAS PEREIRA DE JESUS;MECIAS DE JESUS;#NULO#;12;APTO;2;DEFERIDO;Coligaçăo;10;PRB;Partido Republicano Brasileiro;230000050244;AGORA É RORAIMA COM TUDO;PSL / PRB / PTC / PRP / PROS / PSC / PPL;1;ELEITO;N;1884
15/05/2022;04:45:39;2018;2;Eleiçăo Ordinária;1;297;ELEIÇŐES GERAIS ESTADUAIS 2018;07/10/2018;E;RR;RR;RORAIMA;03050;ALTO ALEGRE;3;5;Senador;230000614196;212;TELMA MARQUES DA SILVA;TELMA TAUREPANG;#NULO#;12;APTO;2;DEFERIDO;Coligaçăo;21;PCB;Partido Comunista Brasileiro;230000050376;FRENTE DE ESQUERDA SOCIALISTA;PCB / PSOL / PSTU;4;NĂO ELEITO;N;541
15/05/2022;04:45:39;2018;2;Eleiçăo Ordinária;1;297;ELEIÇŐES GERAIS ESTADUAIS 2018;07/10/2018;E;RR;RR;RORAIMA;03115;NORMANDIA;5;5;Senador;230000614196;212;TELMA MARQUES DA SILVA;TELMA TAUREPANG;#NULO#;12;APTO;2;DEFERIDO;Coligaçăo;21;PCB;Partido Comunista Brasileiro;230000050376;FRENTE DE ESQUERDA SOCIALISTA;PCB / PSOL / PSTU;4;NĂO ELEITO;N;948
15/05/2022;04:45:39;2018;2;Eleiçăo Ordinária;1;297;ELEIÇŐES GERAIS ESTADUAIS 2018;07/10/2018;E;RR;RR;RORAIMA;03123;PACARAIMA;7;5;Senador;230000614196;212;TELMA MARQUES DA SILVA;TELMA TAUREPANG;#NULO#;12;APTO;2;DEFERIDO;Coligaçăo;21;PCB;Partido Comunista Brasileiro;230000050376;FRENTE DE ESQUERDA SOCIALISTA;PCB / PSOL / PSTU;4;NĂO ELEITO;N;1174
15/05/2022;04:45:39;2018;2;Eleiçăo Ordinária;1;297;ELEIÇŐES GERAIS ESTADUAIS 2018;07/10/2018;E;RR;RR;RORAIMA;03093;MUCAJAÍ;6;5;Senador;230000614196;212;TELMA MARQUES DA SILVA;TELMA TAUREPANG;#NULO#;12;APTO;2;DEFERIDO;Coligaçăo;21;PCB;Partido Comunista Brasileiro;230000050376;FRENTE DE ESQUERDA SOCIALISTA;PCB / PSOL / PSTU;4;NĂO ELEITO;N;91
15/05/2022;04:45:39;2018;2;Eleiçăo Ordinária;1;297;ELEIÇŐES GERAIS ESTADUAIS 2018;07/10/2018;E;RR;RR;RORAIMA;03107;UIRAMUTĂ;7;5;Senador;230000614386;222;LUCIANO DE SOUZA CASTRO;LUCIANO CASTRO;#NULO#;12;APTO;2;DEFERIDO;Coligaçăo;22;PR;Partido da República;230000050380;NA LUTA POR RORAIMA;PP / PDT / PODE / PRTB / PR / PHS / PC do B;4;NĂO ELEITO;N;820
15/05/2022;04:45:39;2018;2;Eleiçăo Ordinária;1;297;ELEIÇŐES GERAIS ESTADUAIS 2018;07/10/2018;E;RR;RR;RORAIMA;03115;NORMANDIA;5;5;Senador;230000614386;222;LUCIANO DE SOUZA CASTRO;LUCIANO CASTRO;#NULO#;12;APTO;2;DEFERIDO;Coligaçăo;22;PR;Partido da República;230000050380;NA LUTA POR RORAIMA;PP / PDT / PODE / PRTB / PR / PHS / PC do B;4;NĂO ELEITO;N;1396
15/05/2022;04:45:39;2018;2;Eleiçăo Ordinária;1;297;ELEIÇŐES GERAIS ESTADUAIS 2018;07/10/2018;E;RR;RR;RORAIMA;03018;BOA VISTA;1;5;Senador;230000614386;222;LUCIANO DE SOUZA CASTRO;LUCIANO CASTRO;#NULO#;12;APTO;2;DEFERIDO;Coligaçăo;22;PR;Partido da República;230000050380;NA LUTA POR RORAIMA;PP / PDT / PODE / PRTB / PR / PHS / PC do B;4;NĂO ELEITO;N;19006
15/05/2022;04:45:39;2018;2;Eleiçăo Ordinária;1;297;ELEIÇŐES GERAIS ESTADUAIS 2018;07/10/2018;E;RR;RR;RORAIMA;03131;SĂO JOĂO DA BALIZA;4;5;Senador;230000609417;177;ISAMAR PESSOA RAMALHO;PR.ISAMAR RAMALHO;#NULO#;12;APTO;2;DEFERIDO;Coligaçăo;17;PSL;Partido Social Liberal;230000050244;AGORA É RORAIMA COM TUDO;PSL / PRB / PTC / PRP / PROS / PSC / PPL;4;NĂO ELEITO;N;865
15/05/2022;04:45:39;2018;2;Eleiçăo Ordinária;1;297;ELEIÇŐES GERAIS ESTADUAIS 2018;07/10/2018;E;RR;RR;RORAIMA;03085;RORAINÓPOLIS;8;3;Governador;230000609415;17;ANTONIO OLIVERIO GARCIA DE ALMEIDA;ANTONIO DENARIUM;#NULO#;12;APTO;2;DEFERIDO;Coligaçăo;17;PSL;Partido Social Liberal;230000050244;AGORA É RORAIMA COM TUDO;PSL / PRB / PTC / PRP / PROS / PSC / PPL;6;2ş TURNO;N;6947
15/05/2022;04:45:39;2018;2;Eleiçăo Ordinária;1;297;ELEIÇŐES GERAIS ESTADUAIS 2018;07/10/2018;E;RR;RR;RORAIMA;03042;AMAJARI;7;3;Governador;230000609415;17;ANTONIO OLIVERIO GARCIA DE ALMEIDA;ANTONIO DENARIUM;#NULO#;12;APTO;2;DEFERIDO;Coligaçăo;17;PSL;Partido Social Liberal;230000050244;AGORA É RORAIMA COM TUDO;PSL / PRB / PTC / PRP / PROS / PSC / PPL;6;2ş TURNO;N;1869
15/05/2022;04:45:39;2018;2;Eleiçăo Ordinária;1;297;ELEIÇŐES GERAIS ESTADUAIS 2018;07/10/2018;E;RR;RR;RORAIMA;03026;IRACEMA;6;3;Governador;230000609415;17;ANTONIO OLIVERIO GARCIA DE ALMEIDA;ANTONIO DENARIUM;#NULO#;12;APTO;2;DEFERIDO;Coligaçăo;17;PSL;Partido Social Liberal;230000050244;AGORA É RORAIMA COM TUDO;PSL / PRB / PTC / PRP / PROS / PSC / PPL;6;2ş TURNO;N;1330
15/05/2022;04:45:39;2018;2;Eleiçăo Ordinária;1;297;ELEIÇŐES GERAIS ESTADUAIS 2018;07/10/2018;E;RR;RR;RORAIMA;03034;CARACARAÍ;2;5;Senador;230000609417;177;ISAMAR PESSOA RAMALHO;PR.ISAMAR RAMALHO;#NULO#;12;APTO;2;DEFERIDO;Coligaçăo;17;PSL;Partido Social Liberal;230000050244;AGORA É RORAIMA COM TUDO;PSL / PRB / PTC / PRP / PROS / PSC / PPL;4;NĂO ELEITO;N;2056
15/05/2022;04:45:39;2018;2;Eleiçăo Ordinária;1;297;ELEIÇŐES GERAIS ESTADUAIS 2018;07/10/2018;E;RR;RR;RORAIMA;03018;BOA VISTA;5;5;Senador;230000609420;107;ANTÔNIO MECIAS PEREIRA DE JESUS;MECIAS DE JESUS;#NULO#;12;APTO;2;DEFERIDO;Coligaçăo;10;PRB;Partido Republicano Brasileiro;230000050244;AGORA É RORAIMA COM TUDO;PSL / PRB / PTC / PRP / PROS / PSC / PPL;1;ELEITO;N;20402
15/05/2022;04:45:39;2018;2;Eleiçăo Ordinária;1;297;ELEIÇŐES GERAIS ESTADUAIS 2018;07/10/2018;E;RR;RR;RORAIMA;03131;SĂO JOĂO DA BALIZA;4;3;Governador;230000614177;50;FÁBIO GONÇALVES DE ALMEIDA;FÁBIO;#NULO#;12;APTO;2;DEFERIDO;Coligaçăo;50;PSOL;Partido Socialismo e Liberdade;230000050376;FRENTE DE ESQUERDA SOCIALISTA;PCB / PSOL / PSTU;4;NĂO ELEITO;N;86
15/05/2022;04:45:39;2018;2;Eleiçăo Ordinária;1;297;ELEIÇŐES GERAIS ESTADUAIS 2018;07/10/2018;E;RR;RR;RORAIMA;03123;PACARAIMA;7;3;Governador;230000614383;11;MARIA SUELY SILVA CAMPOS;SUELY CAMPOS;#NULO#;12;APTO;16;DEFERIDO COM RECURSO;Coligaçăo;11;PP;Partido Progressista;230000050380;NA LUTA POR RORAIMA;PP / PDT / PODE / PRTB / PR / PHS / PC do B;4;NĂO ELEITO;N;795
15/05/2022;04:45:39;2018;2;Eleiçăo Ordinária;1;297;ELEIÇŐES GERAIS ESTADUAIS 2018;07/10/2018;E;RR;RR;RORAIMA;03093;MUCAJAÍ;6;3;Governador;230000614383;11;MARIA SUELY SILVA CAMPOS;SUELY CAMPOS;#NULO#;12;APTO;16;DEFERIDO COM RECURSO;Coligaçăo;11;PP;Partido Progressista;230000050380;NA LUTA POR RORAIMA;PP / PDT / PODE / PRTB / PR / PHS / PC do B;4;NĂO ELEITO;N;683
15/05/2022;04:45:39;2018;2;Eleiçăo Ordinária;1;297;ELEIÇŐES GERAIS ESTADUAIS 2018;07/10/2018;E;RR;RR;RORAIMA;03018;BOA VISTA;1;3;Governador;230000614383;11;MARIA SUELY SILVA CAMPOS;SUELY CAMPOS;#NULO#;12;APTO;16;DEFERIDO COM RECURSO;Coligaçăo;11;PP;Partido Progressista;230000050380;NA LUTA POR RORAIMA;PP / PDT / PODE / PRTB / PR / PHS / PC do B;4;NĂO ELEITO;N;11412
15/05/2022;04:45:39;2018;2;Eleiçăo Ordinária;1;297;ELEIÇŐES GERAIS ESTADUAIS 2018;07/10/2018;E;RR;RR;RORAIMA;03123;PACARAIMA;7;5;Senador;230000601676;156;ROMERO JUCÁ FILHO;ROMERO JUCÁ;#NULO#;12;APTO;2;DEFERIDO;Coligaçăo;15;MDB;Movimento Democrático Brasileiro;230000050050;TODOS POR RORAIMA ;PSDB / DEM / MDB / PSD / PPS / SOLIDARIEDADE / DC;4;NĂO ELEITO;N;1416
15/05/2022;04:45:39;2018;2;Eleiçăo Ordinária;1;297;ELEIÇŐES GERAIS ESTADUAIS 2018;07/10/2018;E;RR;RR;RORAIMA;03034;CARACARAÍ;2;5;Senador;230000614388;123;ANGELA MARIA GOMES PORTELA;ANGELA PORTELA;#NULO#;12;APTO;2;DEFERIDO;Coligaçăo;12;PDT;Partido Democrático Trabalhista;230000050380;NA LUTA POR RORAIMA;PP / PDT / PODE / PRTB / PR / PHS / PC do B;4;NĂO ELEITO;N;2585
15/05/2022;04:45:39;2018;2;Eleiçăo Ordinária;1;297;ELEIÇŐES GERAIS ESTADUAIS 2018;07/10/2018;E;RR;RR;RORAIMA;03077;BONFIM;5;3;Governador;230000614177;50;FÁBIO GONÇALVES DE ALMEIDA;FÁBIO;#NULO#;12;APTO;2;DEFERIDO;Coligaçăo;50;PSOL;Partido Socialismo e Liberdade;230000050376;FRENTE DE ESQUERDA SOCIALISTA;PCB / PSOL / PSTU;4;NĂO ELEITO;N;113
15/05/2022;04:45:39;2018;2;Eleiçăo Ordinária;1;297;ELEIÇŐES GERAIS ESTADUAIS 2018;07/10/2018;E;RR;RR;RORAIMA;03018;BOA VISTA;5;5;Senador;230000614388;123;ANGELA MARIA GOMES PORTELA;ANGELA PORTELA;#NULO#;12;APTO;2;DEFERIDO;Coligaçăo;12;PDT;Partido Democrático Trabalhista;230000050380;NA LUTA POR RORAIMA;PP / PDT / PODE / PRTB / PR / PHS / PC do B;4;NĂO ELEITO;N;13504
15/05/2022;04:45:39;2018;2;Eleiçăo Ordinária;1;297;ELEIÇŐES GERAIS ESTADUAIS 2018;07/10/2018;E;RR;RR;RORAIMA;03093;MUCAJAÍ;6;5;Senador;230000609417;177;ISAMAR PESSOA RAMALHO;PR.ISAMAR RAMALHO;#NULO#;12;APTO;2;DEFERIDO;Coligaçăo;17;PSL;Partido Social Liberal;230000050244;AGORA É RORAIMA COM TUDO;PSL / PRB / PTC / PRP / PROS / PSC / PPL;4;NĂO ELEITO;N;1923
15/05/2022;04:45:39;2018;2;Eleiçăo Ordinária;1;297;ELEIÇŐES GERAIS ESTADUAIS 2018;07/10/2018;E;RR;RR;RORAIMA;03107;UIRAMUTĂ;7;3;Governador;230000609415;17;ANTONIO OLIVERIO GARCIA DE ALMEIDA;ANTONIO DENARIUM;#NULO#;12;APTO;2;DEFERIDO;Coligaçăo;17;PSL;Partido Social Liberal;230000050244;AGORA É RORAIMA COM TUDO;PSL / PRB / PTC / PRP / PROS / PSC / PPL;6;2ş TURNO;N;285
15/05/2022;04:45:39;2018;2;Eleiçăo Ordinária;1;297;ELEIÇŐES GERAIS ESTADUAIS 2018;07/10/2018;E;RR;RR;RORAIMA;03115;NORMANDIA;5;3;Governador;230000609415;17;ANTONIO OLIVERIO GARCIA DE ALMEIDA;ANTONIO DENARIUM;#NULO#;12;APTO;2;DEFERIDO;Coligaçăo;17;PSL;Partido Social Liberal;230000050244;AGORA É RORAIMA COM TUDO;PSL / PRB / PTC / PRP / PROS / PSC / PPL;6;2ş TURNO;N;1236
15/05/2022;04:45:39;2018;2;Eleiçăo Ordinária;1;297;ELEIÇŐES GERAIS ESTADUAIS 2018;07/10/2018;E;RR;RR;RORAIMA;03131;SĂO JOĂO DA BALIZA;4;5;Senador;230000614196;212;TELMA MARQUES DA SILVA;TELMA TAUREPANG;#NULO#;12;APTO;2;DEFERIDO;Coligaçăo;21;PCB;Partido Comunista Brasileiro;230000050376;FRENTE DE ESQUERDA SOCIALISTA;PCB / PSOL / PSTU;4;NĂO ELEITO;N;61
15/05/2022;04:45:39;2018;2;Eleiçăo Ordinária;1;297;ELEIÇŐES GERAIS ESTADUAIS 2018;07/10/2018;E;RR;RR;RORAIMA;03018;BOA VISTA;1;5;Senador;230000601676;156;ROMERO JUCÁ FILHO;ROMERO JUCÁ;#NULO#;12;APTO;2;DEFERIDO;Coligaçăo;15;MDB;Movimento Democrático Brasileiro;230000050050;TODOS POR RORAIMA ;PSDB / DEM / MDB / PSD / PPS / SOLIDARIEDADE / DC;4;NĂO ELEITO;N;33145
15/05/2022;04:45:39;2018;2;Eleiçăo Ordinária;1;297;ELEIÇŐES GERAIS ESTADUAIS 2018;07/10/2018;E;RR;RR;RORAIMA;03077;BONFIM;5;5;Senador;230000601676;156;ROMERO JUCÁ FILHO;ROMERO JUCÁ;#NULO#;12;APTO;2;DEFERIDO;Coligaçăo;15;MDB;Movimento Democrático Brasileiro;230000050050;TODOS POR RORAIMA ;PSDB / DEM / MDB / PSD / PPS / SOLIDARIEDADE / DC;4;NĂO ELEITO;N;1803
15/05/2022;04:45:39;2018;2;Eleiçăo Ordinária;1;297;ELEIÇŐES GERAIS ESTADUAIS 2018;07/10/2018;E;RR;RR;RORAIMA;03107;UIRAMUTĂ;7;5;Senador;230000601676;156;ROMERO JUCÁ FILHO;ROMERO JUCÁ;#NULO#;12;APTO;2;DEFERIDO;Coligaçăo;15;MDB;Movimento Democrático Brasileiro;230000050050;TODOS POR RORAIMA ;PSDB / DEM / MDB / PSD / PPS / SOLIDARIEDADE / DC;4;NĂO ELEITO;N;914
15/05/2022;04:45:39;2018;2;Eleiçăo Ordinária;1;297;ELEIÇŐES GERAIS ESTADUAIS 2018;07/10/2018;E;RR;RR;RORAIMA;03000;CAROEBE;4;5;Senador;230000601676;156;ROMERO JUCÁ FILHO;ROMERO JUCÁ;#NULO#;12;APTO;2;DEFERIDO;Coligaçăo;15;MDB;Movimento Democrático Brasileiro;230000050050;TODOS POR RORAIMA ;PSDB / DEM / MDB / PSD / PPS / SOLIDARIEDADE / DC;4;NĂO ELEITO;N;1716
15/05/2022;04:45:39;2018;2;Eleiçăo Ordinária;1;297;ELEIÇŐES GERAIS ESTADUAIS 2018;07/10/2018;E;RR;RR;RORAIMA;03085;RORAINÓPOLIS;8;5;Senador;230000601676;156;ROMERO JUCÁ FILHO;ROMERO JUCÁ;#NULO#;12;APTO;2;DEFERIDO;Coligaçăo;15;MDB;Movimento Democrático Brasileiro;230000050050;TODOS POR RORAIMA ;PSDB / DEM / MDB / PSD / PPS / SOLIDARIEDADE / DC;4;NĂO ELEITO;N;3803
15/05/2022;04:45:39;2018;2;Eleiçăo Ordinária;1;297;ELEIÇŐES GERAIS ESTADUAIS 2018;07/10/2018;E;RR;RR;RORAIMA;03077;BONFIM;5;3;Governador;230000601679;45;JOSE DE ANCHIETA JUNIOR;ANCHIETA;#NULO#;12;APTO;2;DEFERIDO;Coligaçăo;45;PSDB;Partido da Social Democracia Brasileira;230000050050;TODOS POR RORAIMA ;PSDB / DEM / MDB / PSD / PPS / SOLIDARIEDADE / DC;6;2ş TURNO;N;2965
15/05/2022;04:45:39;2018;2;Eleiçăo Ordinária;1;297;ELEIÇŐES GERAIS ESTADUAIS 2018;07/10/2018;E;RR;RR;RORAIMA;03093;MUCAJAÍ;6;3;Governador;230000609415;17;ANTONIO OLIVERIO GARCIA DE ALMEIDA;ANTONIO DENARIUM;#NULO#;12;APTO;2;DEFERIDO;Coligaçăo;17;PSL;Partido Social Liberal;230000050244;AGORA É RORAIMA COM TUDO;PSL / PRB / PTC / PRP / PROS / PSC / PPL;6;2ş TURNO;N;3582
15/05/2022;04:45:39;2018;2;Eleiçăo Ordinária;1;297;ELEIÇŐES GERAIS ESTADUAIS 2018;07/10/2018;E;RR;RR;RORAIMA;03123;PACARAIMA;7;3;Governador;230000609415;17;ANTONIO OLIVERIO GARCIA DE ALMEIDA;ANTONIO DENARIUM;#NULO#;12;APTO;2;DEFERIDO;Coligaçăo;17;PSL;Partido Social Liberal;230000050244;AGORA É RORAIMA COM TUDO;PSL / PRB / PTC / PRP / PROS / PSC / PPL;6;2ş TURNO;N;2013
15/05/2022;04:45:39;2018;2;Eleiçăo Ordinária;1;297;ELEIÇŐES GERAIS ESTADUAIS 2018;07/10/2018;E;RR;RR;RORAIMA;03107;UIRAMUTĂ;7;5;Senador;230000609417;177;ISAMAR PESSOA RAMALHO;PR.ISAMAR RAMALHO;#NULO#;12;APTO;2;DEFERIDO;Coligaçăo;17;PSL;Partido Social Liberal;230000050244;AGORA É RORAIMA COM TUDO;PSL / PRB / PTC / PRP / PROS / PSC / PPL;4;NĂO ELEITO;N;286
15/05/2022;04:45:39;2018;2;Eleiçăo Ordinária;1;297;ELEIÇŐES GERAIS ESTADUAIS 2018;07/10/2018;E;RR;RR;RORAIMA;03018;BOA VISTA;5;3;Governador;230000609415;17;ANTONIO OLIVERIO GARCIA DE ALMEIDA;ANTONIO DENARIUM;#NULO#;12;APTO;2;DEFERIDO;Coligaçăo;17;PSL;Partido Social Liberal;230000050244;AGORA É RORAIMA COM TUDO;PSL / PRB / PTC / PRP / PROS / PSC / PPL;6;2ş TURNO;N;32408
15/05/2022;04:45:39;2018;2;Eleiçăo Ordinária;1;297;ELEIÇŐES GERAIS ESTADUAIS 2018;07/10/2018;E;RR;RR;RORAIMA;03000;CAROEBE;4;5;Senador;230000609420;107;ANTÔNIO MECIAS PEREIRA DE JESUS;MECIAS DE JESUS;#NULO#;12;APTO;2;DEFERIDO;Coligaçăo;10;PRB;Partido Republicano Brasileiro;230000050244;AGORA É RORAIMA COM TUDO;PSL / PRB / PTC / PRP / PROS / PSC / PPL;1;ELEITO;N;2024
15/05/2022;04:45:39;2018;2;Eleiçăo Ordinária;2;298;ELEIÇŐES GERAIS ESTADUAIS 2018;28/10/2018;E;RR;RR;RORAIMA;03093;MUCAJAÍ;6;3;Governador;230000609415;17;ANTONIO OLIVERIO GARCIA DE ALMEIDA;ANTONIO DENARIUM;#NULO#;12;APTO;2;DEFERIDO;Coligaçăo;17;PSL;Partido Social Liberal;230000050244;AGORA É RORAIMA COM TUDO;PSL / PRB / PTC / PRP / PROS / PSC / PPL;1;ELEITO;N;4076
15/05/2022;04:45:39;2018;2;Eleiçăo Ordinária;2;298;ELEIÇŐES GERAIS ESTADUAIS 2018;28/10/2018;E;RR;RR;RORAIMA;03034;CARACARAÍ;2;3;Governador;230000609415;17;ANTONIO OLIVERIO GARCIA DE ALMEIDA;ANTONIO DENARIUM;#NULO#;12;APTO;2;DEFERIDO;Coligaçăo;17;PSL;Partido Social Liberal;230000050244;AGORA É RORAIMA COM TUDO;PSL / PRB / PTC / PRP / PROS / PSC / PPL;1;ELEITO;N;5274
15/05/2022;04:45:39;2018;2;Eleiçăo Ordinária;2;298;ELEIÇŐES GERAIS ESTADUAIS 2018;28/10/2018;E;RR;RR;RORAIMA;03085;RORAINÓPOLIS;8;3;Governador;230000609415;17;ANTONIO OLIVERIO GARCIA DE ALMEIDA;ANTONIO DENARIUM;#NULO#;12;APTO;2;DEFERIDO;Coligaçăo;17;PSL;Partido Social Liberal;230000050244;AGORA É RORAIMA COM TUDO;PSL / PRB / PTC / PRP / PROS / PSC / PPL;1;ELEITO;N;7732
15/05/2022;04:45:39;2018;2;Eleiçăo Ordinária;2;298;ELEIÇŐES GERAIS ESTADUAIS 2018;28/10/2018;E;RR;RR;RORAIMA;03158;SĂO LUIZ;4;3;Governador;230000601679;45;JOSE DE ANCHIETA JUNIOR;ANCHIETA;#NULO#;12;APTO;2;DEFERIDO;Coligaçăo;45;PSDB;Partido da Social Democracia Brasileira;230000050050;TODOS POR RORAIMA ;PSDB / DEM / MDB / PSD / PPS / SOLIDARIEDADE / DC;4;NĂO ELEITO;N;1374
15/05/2022;04:45:39;2018;2;Eleiçăo Ordinária;2;298;ELEIÇŐES GERAIS ESTADUAIS 2018;28/10/2018;E;RR;RR;RORAIMA;03042;AMAJARI;7;3;Governador;230000601679;45;JOSE DE ANCHIETA JUNIOR;ANCHIETA;#NULO#;12;APTO;2;DEFERIDO;Coligaçăo;45;PSDB;Partido da Social Democracia Brasileira;230000050050;TODOS POR RORAIMA ;PSDB / DEM / MDB / PSD / PPS / SOLIDARIEDADE / DC;4;NĂO ELEITO;N;2346
15/05/2022;04:45:39;2018;2;Eleiçăo Ordinária;2;298;ELEIÇŐES GERAIS ESTADUAIS 2018;28/10/2018;E;RR;RR;RORAIMA;03115;NORMANDIA;5;3;Governador;230000601679;45;JOSE DE ANCHIETA JUNIOR;ANCHIETA;#NULO#;12;APTO;2;DEFERIDO;Coligaçăo;45;PSDB;Partido da Social Democracia Brasileira;230000050050;TODOS POR RORAIMA ;PSDB / DEM / MDB / PSD / PPS / SOLIDARIEDADE / DC;4;NĂO ELEITO;N;3622
15/05/2022;04:45:39;2018;2;Eleiçăo Ordinária;2;298;ELEIÇŐES GERAIS ESTADUAIS 2018;28/10/2018;E;RR;RR;RORAIMA;03050;ALTO ALEGRE;3;3;Governador;230000601679;45;JOSE DE ANCHIETA JUNIOR;ANCHIETA;#NULO#;12;APTO;2;DEFERIDO;Coligaçăo;45;PSDB;Partido da Social Democracia Brasileira;230000050050;TODOS POR RORAIMA ;PSDB / DEM / MDB / PSD / PPS / SOLIDARIEDADE / DC;4;NĂO ELEITO;N;4002
15/05/2022;04:45:39;2018;2;Eleiçăo Ordinária;1;297;ELEIÇŐES GERAIS ESTADUAIS 2018;07/10/2018;E;RR;RR;RORAIMA;03000;CAROEBE;4;3;Governador;230000614383;11;MARIA SUELY SILVA CAMPOS;SUELY CAMPOS;#NULO#;12;APTO;16;DEFERIDO COM RECURSO;Coligaçăo;11;PP;Partido Progressista;230000050380;NA LUTA POR RORAIMA;PP / PDT / PODE / PRTB / PR / PHS / PC do B;4;NĂO ELEITO;N;537
15/05/2022;04:45:39;2018;2;Eleiçăo Ordinária;1;297;ELEIÇŐES GERAIS ESTADUAIS 2018;07/10/2018;E;RR;RR;RORAIMA;03115;NORMANDIA;5;3;Governador;230000614383;11;MARIA SUELY SILVA CAMPOS;SUELY CAMPOS;#NULO#;12;APTO;16;DEFERIDO COM RECURSO;Coligaçăo;11;PP;Partido Progressista;230000050380;NA LUTA POR RORAIMA;PP / PDT / PODE / PRTB / PR / PHS / PC do B;4;NĂO ELEITO;N;883
15/05/2022;04:45:39;2018;2;Eleiçăo Ordinária;1;297;ELEIÇŐES GERAIS ESTADUAIS 2018;07/10/2018;E;RR;RR;RORAIMA;03034;CARACARAÍ;2;5;Senador;230000614179;161;LOURIVAL GOMES DA SILVA FERREIRA;LOURIVAL;#NULO#;12;APTO;2;DEFERIDO;Coligaçăo;16;PSTU;Partido Socialista dos Trabalhadores Unificado;230000050376;FRENTE DE ESQUERDA SOCIALISTA;PCB / PSOL / PSTU;4;NĂO ELEITO;N;21
15/05/2022;04:45:39;2018;2;Eleiçăo Ordinária;1;297;ELEIÇŐES GERAIS ESTADUAIS 2018;07/10/2018;E;RR;RR;RORAIMA;03069;CANTÁ;5;5;Senador;230000614179;161;LOURIVAL GOMES DA SILVA FERREIRA;LOURIVAL;#NULO#;12;APTO;2;DEFERIDO;Coligaçăo;16;PSTU;Partido Socialista dos Trabalhadores Unificado;230000050376;FRENTE DE ESQUERDA SOCIALISTA;PCB / PSOL / PSTU;4;NĂO ELEITO;N;54
15/05/2022;04:45:39;2018;2;Eleiçăo Ordinária;1;297;ELEIÇŐES GERAIS ESTADUAIS 2018;07/10/2018;E;RR;RR;RORAIMA;03093;MUCAJAÍ;6;3;Governador;230000601679;45;JOSE DE ANCHIETA JUNIOR;ANCHIETA;#NULO#;12;APTO;2;DEFERIDO;Coligaçăo;45;PSDB;Partido da Social Democracia Brasileira;230000050050;TODOS POR RORAIMA ;PSDB / DEM / MDB / PSD / PPS / SOLIDARIEDADE / DC;6;2ş TURNO;N;4417
15/05/2022;04:45:39;2018;2;Eleiçăo Ordinária;1;297;ELEIÇŐES GERAIS ESTADUAIS 2018;07/10/2018;E;RR;RR;RORAIMA;03000;CAROEBE;4;3;Governador;230000601679;45;JOSE DE ANCHIETA JUNIOR;ANCHIETA;#NULO#;12;APTO;2;DEFERIDO;Coligaçăo;45;PSDB;Partido da Social Democracia Brasileira;230000050050;TODOS POR RORAIMA ;PSDB / DEM / MDB / PSD / PPS / SOLIDARIEDADE / DC;6;2ş TURNO;N;1607
15/05/2022;04:45:39;2018;2;Eleiçăo Ordinária;1;297;ELEIÇŐES GERAIS ESTADUAIS 2018;07/10/2018;E;RR;RR;RORAIMA;03034;CARACARAÍ;2;3;Governador;230000601679;45;JOSE DE ANCHIETA JUNIOR;ANCHIETA;#NULO#;12;APTO;2;DEFERIDO;Coligaçăo;45;PSDB;Partido da Social Democracia Brasileira;230000050050;TODOS POR RORAIMA ;PSDB / DEM / MDB / PSD / PPS / SOLIDARIEDADE / DC;6;2ş TURNO;N;3201
15/05/2022;04:45:39;2018;2;Eleiçăo Ordinária;1;297;ELEIÇŐES GERAIS ESTADUAIS 2018;07/10/2018;E;RR;RR;RORAIMA;03026;IRACEMA;6;3;Governador;230000615946;14;TELMÁRIO MOTA DE OLIVEIRA;TELMÁRIO MOTA;#NULO#;12;APTO;2;DEFERIDO;Coligaçăo;14;PTB;Partido Trabalhista Brasileiro;230000050426;DĘ UMA CHANCE PARA RORAIMA;PTB / PV / REDE / PT;4;NĂO ELEITO;N;54
15/05/2022;04:45:39;2018;2;Eleiçăo Ordinária;1;297;ELEIÇŐES GERAIS ESTADUAIS 2018;07/10/2018;E;RR;RR;RORAIMA;03069;CANTÁ;5;5;Senador;230000614388;123;ANGELA MARIA GOMES PORTELA;ANGELA PORTELA;#NULO#;12;APTO;2;DEFERIDO;Coligaçăo;12;PDT;Partido Democrático Trabalhista;230000050380;NA LUTA POR RORAIMA;PP / PDT / PODE / PRTB / PR / PHS / PC do B;4;NĂO ELEITO;N;1976
15/05/2022;04:45:39;2018;2;Eleiçăo Ordinária;1;297;ELEIÇŐES GERAIS ESTADUAIS 2018;07/10/2018;E;RR;RR;RORAIMA;03158;SĂO LUIZ;4;5;Senador;230000609417;177;ISAMAR PESSOA RAMALHO;PR.ISAMAR RAMALHO;#NULO#;12;APTO;2;DEFERIDO;Coligaçăo;17;PSL;Partido Social Liberal;230000050244;AGORA É RORAIMA COM TUDO;PSL / PRB / PTC / PRP / PROS / PSC / PPL;4;NĂO ELEITO;N;630
15/05/2022;04:45:39;2018;2;Eleiçăo Ordinária;1;297;ELEIÇŐES GERAIS ESTADUAIS 2018;07/10/2018;E;RR;RR;RORAIMA;03018;BOA VISTA;1;3;Governador;230000609415;17;ANTONIO OLIVERIO GARCIA DE ALMEIDA;ANTONIO DENARIUM;#NULO#;12;APTO;2;DEFERIDO;Coligaçăo;17;PSL;Partido Social Liberal;230000050244;AGORA É RORAIMA COM TUDO;PSL / PRB / PTC / PRP / PROS / PSC / PPL;6;2ş TURNO;N;45422
15/05/2022;04:45:39;2018;2;Eleiçăo Ordinária;1;297;ELEIÇŐES GERAIS ESTADUAIS 2018;07/10/2018;E;RR;RR;RORAIMA;03042;AMAJARI;7;5;Senador;230000609417;177;ISAMAR PESSOA RAMALHO;PR.ISAMAR RAMALHO;#NULO#;12;APTO;2;DEFERIDO;Coligaçăo;17;PSL;Partido Social Liberal;230000050244;AGORA É RORAIMA COM TUDO;PSL / PRB / PTC / PRP / PROS / PSC / PPL;4;NĂO ELEITO;N;826
15/05/2022;04:45:39;2018;2;Eleiçăo Ordinária;1;297;ELEIÇŐES GERAIS ESTADUAIS 2018;07/10/2018;E;RR;RR;RORAIMA;03042;AMAJARI;7;5;Senador;230000614179;161;LOURIVAL GOMES DA SILVA FERREIRA;LOURIVAL;#NULO#;12;APTO;2;DEFERIDO;Coligaçăo;16;PSTU;Partido Socialista dos Trabalhadores Unificado;230000050376;FRENTE DE ESQUERDA SOCIALISTA;PCB / PSOL / PSTU;4;NĂO ELEITO;N;23
15/05/2022;04:45:39;2018;2;Eleiçăo Ordinária;2;298;ELEIÇŐES GERAIS ESTADUAIS 2018;28/10/2018;E;RR;RR;RORAIMA;03077;BONFIM;5;3;Governador;230000609415;17;ANTONIO OLIVERIO GARCIA DE ALMEIDA;ANTONIO DENARIUM;#NULO#;12;APTO;2;DEFERIDO;Coligaçăo;17;PSL;Partido Social Liberal;230000050244;AGORA É RORAIMA COM TUDO;PSL / PRB / PTC / PRP / PROS / PSC / PPL;1;ELEITO;N;3217
15/05/2022;04:45:39;2018;2;Eleiçăo Ordinária;2;298;ELEIÇŐES GERAIS ESTADUAIS 2018;28/10/2018;E;RR;RR;RORAIMA;03069;CANTÁ;5;3;Governador;230000601679;45;JOSE DE ANCHIETA JUNIOR;ANCHIETA;#NULO#;12;APTO;2;DEFERIDO;Coligaçăo;45;PSDB;Partido da Social Democracia Brasileira;230000050050;TODOS POR RORAIMA ;PSDB / DEM / MDB / PSD / PPS / SOLIDARIEDADE / DC;4;NĂO ELEITO;N;5042
15/05/2022;04:45:39;2018;2;Eleiçăo Ordinária;2;298;ELEIÇŐES GERAIS ESTADUAIS 2018;28/10/2018;E;RR;RR;RORAIMA;03085;RORAINÓPOLIS;8;3;Governador;230000601679;45;JOSE DE ANCHIETA JUNIOR;ANCHIETA;#NULO#;12;APTO;2;DEFERIDO;Coligaçăo;45;PSDB;Partido da Social Democracia Brasileira;230000050050;TODOS POR RORAIMA ;PSDB / DEM / MDB / PSD / PPS / SOLIDARIEDADE / DC;4;NĂO ELEITO;N;5197
15/05/2022;04:45:39;2018;2;Eleiçăo Ordinária;2;298;ELEIÇŐES GERAIS ESTADUAIS 2018;28/10/2018;E;RR;RR;RORAIMA;03034;CARACARAÍ;2;3;Governador;230000601679;45;JOSE DE ANCHIETA JUNIOR;ANCHIETA;#NULO#;12;APTO;2;DEFERIDO;Coligaçăo;45;PSDB;Partido da Social Democracia Brasileira;230000050050;TODOS POR RORAIMA ;PSDB / DEM / MDB / PSD / PPS / SOLIDARIEDADE / DC;4;NĂO ELEITO;N;3560
15/05/2022;04:45:39;2018;2;Eleiçăo Ordinária;1;297;ELEIÇŐES GERAIS ESTADUAIS 2018;07/10/2018;E;RR;RR;RORAIMA;03077;BONFIM;5;3;Governador;230000609415;17;ANTONIO OLIVERIO GARCIA DE ALMEIDA;ANTONIO DENARIUM;#NULO#;12;APTO;2;DEFERIDO;Coligaçăo;17;PSL;Partido Social Liberal;230000050244;AGORA É RORAIMA COM TUDO;PSL / PRB / PTC / PRP / PROS / PSC / PPL;6;2ş TURNO;N;2370
15/05/2022;04:45:39;2018;2;Eleiçăo Ordinária;1;297;ELEIÇŐES GERAIS ESTADUAIS 2018;07/10/2018;E;RR;RR;RORAIMA;03050;ALTO ALEGRE;3;3;Governador;230000609415;17;ANTONIO OLIVERIO GARCIA DE ALMEIDA;ANTONIO DENARIUM;#NULO#;12;APTO;2;DEFERIDO;Coligaçăo;17;PSL;Partido Social Liberal;230000050244;AGORA É RORAIMA COM TUDO;PSL / PRB / PTC / PRP / PROS / PSC / PPL;6;2ş TURNO;N;2808
15/05/2022;04:45:39;2018;2;Eleiçăo Ordinária;1;297;ELEIÇŐES GERAIS ESTADUAIS 2018;07/10/2018;E;RR;RR;RORAIMA;03069;CANTÁ;5;5;Senador;230000615947;144;JULIO AUGUSTO MAGALHĂES MARTINS;JÚLIO MARTINS;#NULO#;12;APTO;2;DEFERIDO;Coligaçăo;14;PTB;Partido Trabalhista Brasileiro;230000050426;DĘ UMA CHANCE PARA RORAIMA;PTB / PV / REDE / PT;4;NĂO ELEITO;N;499
15/05/2022;04:45:39;2018;2;Eleiçăo Ordinária;1;297;ELEIÇŐES GERAIS ESTADUAIS 2018;07/10/2018;E;RR;RR;RORAIMA;03042;AMAJARI;7;5;Senador;230000615947;144;JULIO AUGUSTO MAGALHĂES MARTINS;JÚLIO MARTINS;#NULO#;12;APTO;2;DEFERIDO;Coligaçăo;14;PTB;Partido Trabalhista Brasileiro;230000050426;DĘ UMA CHANCE PARA RORAIMA;PTB / PV / REDE / PT;4;NĂO ELEITO;N;191
15/05/2022;04:45:39;2018;2;Eleiçăo Ordinária;2;298;ELEIÇŐES GERAIS ESTADUAIS 2018;28/10/2018;E;RR;RR;RORAIMA;03050;ALTO ALEGRE;3;3;Governador;230000609415;17;ANTONIO OLIVERIO GARCIA DE ALMEIDA;ANTONIO DENARIUM;#NULO#;12;APTO;2;DEFERIDO;Coligaçăo;17;PSL;Partido Social Liberal;230000050244;AGORA É RORAIMA COM TUDO;PSL / PRB / PTC / PRP / PROS / PSC / PPL;1;ELEITO;N;3250
15/05/2022;04:45:39;2018;2;Eleiçăo Ordinária;2;298;ELEIÇŐES GERAIS ESTADUAIS 2018;28/10/2018;E;RR;RR;RORAIMA;03115;NORMANDIA;5;3;Governador;230000609415;17;ANTONIO OLIVERIO GARCIA DE ALMEIDA;ANTONIO DENARIUM;#NULO#;12;APTO;2;DEFERIDO;Coligaçăo;17;PSL;Partido Social Liberal;230000050244;AGORA É RORAIMA COM TUDO;PSL / PRB / PTC / PRP / PROS / PSC / PPL;1;ELEITO;N;1796
15/05/2022;04:45:39;2018;2;Eleiçăo Ordinária;2;298;ELEIÇŐES GERAIS ESTADUAIS 2018;28/10/2018;E;RR;RR;RORAIMA;03123;PACARAIMA;7;3;Governador;230000609415;17;ANTONIO OLIVERIO GARCIA DE ALMEIDA;ANTONIO DENARIUM;#NULO#;12;APTO;2;DEFERIDO;Coligaçăo;17;PSL;Partido Social Liberal;230000050244;AGORA É RORAIMA COM TUDO;PSL / PRB / PTC / PRP / PROS / PSC / PPL;1;ELEITO;N;2462
15/05/2022;04:45:39;2018;2;Eleiçăo Ordinária;1;297;ELEIÇŐES GERAIS ESTADUAIS 2018;07/10/2018;E;RR;RR;RORAIMA;03107;UIRAMUTĂ;7;3;Governador;230000601679;45;JOSE DE ANCHIETA JUNIOR;ANCHIETA;#NULO#;12;APTO;2;DEFERIDO;Coligaçăo;45;PSDB;Partido da Social Democracia Brasileira;230000050050;TODOS POR RORAIMA ;PSDB / DEM / MDB / PSD / PPS / SOLIDARIEDADE / DC;6;2ş TURNO;N;2260
15/05/2022;04:45:39;2018;2;Eleiçăo Ordinária;1;297;ELEIÇŐES GERAIS ESTADUAIS 2018;07/10/2018;E;RR;RR;RORAIMA;03123;PACARAIMA;7;3;Governador;230000601679;45;JOSE DE ANCHIETA JUNIOR;ANCHIETA;#NULO#;12;APTO;2;DEFERIDO;Coligaçăo;45;PSDB;Partido da Social Democracia Brasileira;230000050050;TODOS POR RORAIMA ;PSDB / DEM / MDB / PSD / PPS / SOLIDARIEDADE / DC;6;2ş TURNO;N;2329
15/05/2022;04:45:39;2018;2;Eleiçăo Ordinária;1;297;ELEIÇŐES GERAIS ESTADUAIS 2018;07/10/2018;E;RR;RR;RORAIMA;03018;BOA VISTA;1;3;Governador;230000601679;45;JOSE DE ANCHIETA JUNIOR;ANCHIETA;#NULO#;12;APTO;2;DEFERIDO;Coligaçăo;45;PSDB;Partido da Social Democracia Brasileira;230000050050;TODOS POR RORAIMA ;PSDB / DEM / MDB / PSD / PPS / SOLIDARIEDADE / DC;6;2ş TURNO;N;35712
15/05/2022;04:45:39;2018;2;Eleiçăo Ordinária;1;297;ELEIÇŐES GERAIS ESTADUAIS 2018;07/10/2018;E;RR;RR;RORAIMA;03050;ALTO ALEGRE;3;5;Senador;230000615947;144;JULIO AUGUSTO MAGALHĂES MARTINS;JÚLIO MARTINS;#NULO#;12;APTO;2;DEFERIDO;Coligaçăo;14;PTB;Partido Trabalhista Brasileiro;230000050426;DĘ UMA CHANCE PARA RORAIMA;PTB / PV / REDE / PT;4;NĂO ELEITO;N;338
15/05/2022;04:45:39;2018;2;Eleiçăo Ordinária;1;297;ELEIÇŐES GERAIS ESTADUAIS 2018;07/10/2018;E;RR;RR;RORAIMA;03000;CAROEBE;4;5;Senador;230000615947;144;JULIO AUGUSTO MAGALHĂES MARTINS;JÚLIO MARTINS;#NULO#;12;APTO;2;DEFERIDO;Coligaçăo;14;PTB;Partido Trabalhista Brasileiro;230000050426;DĘ UMA CHANCE PARA RORAIMA;PTB / PV / REDE / PT;4;NĂO ELEITO;N;112
15/05/2022;04:45:39;2018;2;Eleiçăo Ordinária;1;297;ELEIÇŐES GERAIS ESTADUAIS 2018;07/10/2018;E;RR;RR;RORAIMA;03158;SĂO LUIZ;4;5;Senador;230000615947;144;JULIO AUGUSTO MAGALHĂES MARTINS;JÚLIO MARTINS;#NULO#;12;APTO;2;DEFERIDO;Coligaçăo;14;PTB;Partido Trabalhista Brasileiro;230000050426;DĘ UMA CHANCE PARA RORAIMA;PTB / PV / REDE / PT;4;NĂO ELEITO;N;110
15/05/2022;04:45:39;2018;2;Eleiçăo Ordinária;1;297;ELEIÇŐES GERAIS ESTADUAIS 2018;07/10/2018;E;RR;RR;RORAIMA;03042;AMAJARI;7;3;Governador;230000615946;14;TELMÁRIO MOTA DE OLIVEIRA;TELMÁRIO MOTA;#NULO#;12;APTO;2;DEFERIDO;Coligaçăo;14;PTB;Partido Trabalhista Brasileiro;230000050426;DĘ UMA CHANCE PARA RORAIMA;PTB / PV / REDE / PT;4;NĂO ELEITO;N;358
15/05/2022;04:45:39;2018;2;Eleiçăo Ordinária;1;297;ELEIÇŐES GERAIS ESTADUAIS 2018;07/10/2018;E;RR;RR;RORAIMA;03026;IRACEMA;6;5;Senador;230000615947;144;JULIO AUGUSTO MAGALHĂES MARTINS;JÚLIO MARTINS;#NULO#;12;APTO;2;DEFERIDO;Coligaçăo;14;PTB;Partido Trabalhista Brasileiro;230000050426;DĘ UMA CHANCE PARA RORAIMA;PTB / PV / REDE / PT;4;NĂO ELEITO;N;84
15/05/2022;04:45:39;2018;2;Eleiçăo Ordinária;1;297;ELEIÇŐES GERAIS ESTADUAIS 2018;07/10/2018;E;RR;RR;RORAIMA;03034;CARACARAÍ;2;5;Senador;230000601673;255;FRANCISCO DE ASSIS RODRIGUES;CHICO RODRIGUES;#NULO#;12;APTO;2;DEFERIDO;Coligaçăo;25;DEM;Democratas;230000050050;TODOS POR RORAIMA ;PSDB / DEM / MDB / PSD / PPS / SOLIDARIEDADE / DC;1;ELEITO;N;3169
15/05/2022;04:45:39;2018;2;Eleiçăo Ordinária;1;297;ELEIÇŐES GERAIS ESTADUAIS 2018;07/10/2018;E;RR;RR;RORAIMA;03123;PACARAIMA;7;5;Senador;230000601673;255;FRANCISCO DE ASSIS RODRIGUES;CHICO RODRIGUES;#NULO#;12;APTO;2;DEFERIDO;Coligaçăo;25;DEM;Democratas;230000050050;TODOS POR RORAIMA ;PSDB / DEM / MDB / PSD / PPS / SOLIDARIEDADE / DC;1;ELEITO;N;1382
15/05/2022;04:45:39;2018;2;Eleiçăo Ordinária;1;297;ELEIÇŐES GERAIS ESTADUAIS 2018;07/10/2018;E;RR;RR;RORAIMA;03000;CAROEBE;4;5;Senador;230000601673;255;FRANCISCO DE ASSIS RODRIGUES;CHICO RODRIGUES;#NULO#;12;APTO;2;DEFERIDO;Coligaçăo;25;DEM;Democratas;230000050050;TODOS POR RORAIMA ;PSDB / DEM / MDB / PSD / PPS / SOLIDARIEDADE / DC;1;ELEITO;N;1050
15/05/2022;04:45:39;2018;2;Eleiçăo Ordinária;1;297;ELEIÇŐES GERAIS ESTADUAIS 2018;07/10/2018;E;RR;RR;RORAIMA;03115;NORMANDIA;5;5;Senador;230000601673;255;FRANCISCO DE ASSIS RODRIGUES;CHICO RODRIGUES;#NULO#;12;APTO;2;DEFERIDO;Coligaçăo;25;DEM;Democratas;230000050050;TODOS POR RORAIMA ;PSDB / DEM / MDB / PSD / PPS / SOLIDARIEDADE / DC;1;ELEITO;N;1379
15/05/2022;04:45:39;2018;2;Eleiçăo Ordinária;2;298;ELEIÇŐES GERAIS ESTADUAIS 2018;28/10/2018;E;RR;RR;RORAIMA;03042;AMAJARI;7;3;Governador;230000609415;17;ANTONIO OLIVERIO GARCIA DE ALMEIDA;ANTONIO DENARIUM;#NULO#;12;APTO;2;DEFERIDO;Coligaçăo;17;PSL;Partido Social Liberal;230000050244;AGORA É RORAIMA COM TUDO;PSL / PRB / PTC / PRP / PROS / PSC / PPL;1;ELEITO;N;2178
15/05/2022;04:45:39;2018;2;Eleiçăo Ordinária;2;298;ELEIÇŐES GERAIS ESTADUAIS 2018;28/10/2018;E;RR;RR;RORAIMA;03131;SĂO JOĂO DA BALIZA;4;3;Governador;230000601679;45;JOSE DE ANCHIETA JUNIOR;ANCHIETA;#NULO#;12;APTO;2;DEFERIDO;Coligaçăo;45;PSDB;Partido da Social Democracia Brasileira;230000050050;TODOS POR RORAIMA ;PSDB / DEM / MDB / PSD / PPS / SOLIDARIEDADE / DC;4;NĂO ELEITO;N;1233
15/05/2022;04:45:39;2018;2;Eleiçăo Ordinária;2;298;ELEIÇŐES GERAIS ESTADUAIS 2018;28/10/2018;E;RR;RR;RORAIMA;03000;CAROEBE;4;3;Governador;230000601679;45;JOSE DE ANCHIETA JUNIOR;ANCHIETA;#NULO#;12;APTO;2;DEFERIDO;Coligaçăo;45;PSDB;Partido da Social Democracia Brasileira;230000050050;TODOS POR RORAIMA ;PSDB / DEM / MDB / PSD / PPS / SOLIDARIEDADE / DC;4;NĂO ELEITO;N;1524
15/05/2022;04:45:39;2018;2;Eleiçăo Ordinária;2;298;ELEIÇŐES GERAIS ESTADUAIS 2018;28/10/2018;E;RR;RR;RORAIMA;03077;BONFIM;5;3;Governador;230000601679;45;JOSE DE ANCHIETA JUNIOR;ANCHIETA;#NULO#;12;APTO;2;DEFERIDO;Coligaçăo;45;PSDB;Partido da Social Democracia Brasileira;230000050050;TODOS POR RORAIMA ;PSDB / DEM / MDB / PSD / PPS / SOLIDARIEDADE / DC;4;NĂO ELEITO;N;3385
15/05/2022;04:45:39;2018;2;Eleiçăo Ordinária;1;297;ELEIÇŐES GERAIS ESTADUAIS 2018;07/10/2018;E;RR;RR;RORAIMA;03000;CAROEBE;4;5;Senador;230000615949;434;RUDSON LEITE DA SILVA;RUDSON LEITE;#NULO#;12;APTO;2;DEFERIDO;Coligaçăo;43;PV;Partido Verde;230000050426;DĘ UMA CHANCE PARA RORAIMA;PTB / PV / REDE / PT;4;NĂO ELEITO;N;37
15/05/2022;04:45:39;2018;2;Eleiçăo Ordinária;1;297;ELEIÇŐES GERAIS ESTADUAIS 2018;07/10/2018;E;RR;RR;RORAIMA;03158;SĂO LUIZ;4;3;Governador;230000601679;45;JOSE DE ANCHIETA JUNIOR;ANCHIETA;#NULO#;12;APTO;2;DEFERIDO;Coligaçăo;45;PSDB;Partido da Social Democracia Brasileira;230000050050;TODOS POR RORAIMA ;PSDB / DEM / MDB / PSD / PPS / SOLIDARIEDADE / DC;6;2ş TURNO;N;1524
15/05/2022;04:45:39;2018;2;Eleiçăo Ordinária;1;297;ELEIÇŐES GERAIS ESTADUAIS 2018;07/10/2018;E;RR;RR;RORAIMA;03131;SĂO JOĂO DA BALIZA;4;5;Senador;230000601673;255;FRANCISCO DE ASSIS RODRIGUES;CHICO RODRIGUES;#NULO#;12;APTO;2;DEFERIDO;Coligaçăo;25;DEM;Democratas;230000050050;TODOS POR RORAIMA ;PSDB / DEM / MDB / PSD / PPS / SOLIDARIEDADE / DC;1;ELEITO;N;1232
15/05/2022;04:45:39;2018;2;Eleiçăo Ordinária;1;297;ELEIÇŐES GERAIS ESTADUAIS 2018;07/10/2018;E;RR;RR;RORAIMA;03107;UIRAMUTĂ;7;3;Governador;230000615946;14;TELMÁRIO MOTA DE OLIVEIRA;TELMÁRIO MOTA;#NULO#;12;APTO;2;DEFERIDO;Coligaçăo;14;PTB;Partido Trabalhista Brasileiro;230000050426;DĘ UMA CHANCE PARA RORAIMA;PTB / PV / REDE / PT;4;NĂO ELEITO;N;1332
15/05/2022;04:45:39;2018;2;Eleiçăo Ordinária;1;297;ELEIÇŐES GERAIS ESTADUAIS 2018;07/10/2018;E;RR;RR;RORAIMA;03093;MUCAJAÍ;6;5;Senador;230000615947;144;JULIO AUGUSTO MAGALHĂES MARTINS;JÚLIO MARTINS;#NULO#;12;APTO;2;DEFERIDO;Coligaçăo;14;PTB;Partido Trabalhista Brasileiro;230000050426;DĘ UMA CHANCE PARA RORAIMA;PTB / PV / REDE / PT;4;NĂO ELEITO;N;340
15/05/2022;04:45:39;2018;2;Eleiçăo Ordinária;1;297;ELEIÇŐES GERAIS ESTADUAIS 2018;07/10/2018;E;RR;RR;RORAIMA;03077;BONFIM;5;5;Senador;230000615947;144;JULIO AUGUSTO MAGALHĂES MARTINS;JÚLIO MARTINS;#NULO#;12;APTO;2;DEFERIDO;Coligaçăo;14;PTB;Partido Trabalhista Brasileiro;230000050426;DĘ UMA CHANCE PARA RORAIMA;PTB / PV / REDE / PT;4;NĂO ELEITO;N;389
15/05/2022;04:45:39;2018;2;Eleiçăo Ordinária;1;297;ELEIÇŐES GERAIS ESTADUAIS 2018;07/10/2018;E;RR;RR;RORAIMA;03077;BONFIM;5;5;Senador;230000615949;434;RUDSON LEITE DA SILVA;RUDSON LEITE;#NULO#;12;APTO;2;DEFERIDO;Coligaçăo;43;PV;Partido Verde;230000050426;DĘ UMA CHANCE PARA RORAIMA;PTB / PV / REDE / PT;4;NĂO ELEITO;N;79
15/05/2022;04:45:39;2018;2;Eleiçăo Ordinária;1;297;ELEIÇŐES GERAIS ESTADUAIS 2018;07/10/2018;E;RR;RR;RORAIMA;03050;ALTO ALEGRE;3;3;Governador;230000615946;14;TELMÁRIO MOTA DE OLIVEIRA;TELMÁRIO MOTA;#NULO#;12;APTO;2;DEFERIDO;Coligaçăo;14;PTB;Partido Trabalhista Brasileiro;230000050426;DĘ UMA CHANCE PARA RORAIMA;PTB / PV / REDE / PT;4;NĂO ELEITO;N;371
15/05/2022;04:45:39;2018;2;Eleiçăo Ordinária;1;297;ELEIÇŐES GERAIS ESTADUAIS 2018;07/10/2018;E;RR;RR;RORAIMA;03131;SĂO JOĂO DA BALIZA;4;5;Senador;230000615947;144;JULIO AUGUSTO MAGALHĂES MARTINS;JÚLIO MARTINS;#NULO#;12;APTO;2;DEFERIDO;Coligaçăo;14;PTB;Partido Trabalhista Brasileiro;230000050426;DĘ UMA CHANCE PARA RORAIMA;PTB / PV / REDE / PT;4;NĂO ELEITO;N;143
15/05/2022;04:45:39;2018;2;Eleiçăo Ordinária;1;297;ELEIÇŐES GERAIS ESTADUAIS 2018;07/10/2018;E;RR;RR;RORAIMA;03115;NORMANDIA;5;3;Governador;230000615946;14;TELMÁRIO MOTA DE OLIVEIRA;TELMÁRIO MOTA;#NULO#;12;APTO;2;DEFERIDO;Coligaçăo;14;PTB;Partido Trabalhista Brasileiro;230000050426;DĘ UMA CHANCE PARA RORAIMA;PTB / PV / REDE / PT;4;NĂO ELEITO;N;881
15/05/2022;04:45:39;2018;2;Eleiçăo Ordinária;1;297;ELEIÇŐES GERAIS ESTADUAIS 2018;07/10/2018;E;RR;RR;RORAIMA;03034;CARACARAÍ;2;5;Senador;230000615947;144;JULIO AUGUSTO MAGALHĂES MARTINS;JÚLIO MARTINS;#NULO#;12;APTO;2;DEFERIDO;Coligaçăo;14;PTB;Partido Trabalhista Brasileiro;230000050426;DĘ UMA CHANCE PARA RORAIMA;PTB / PV / REDE / PT;4;NĂO ELEITO;N;346
15/05/2022;04:45:39;2018;2;Eleiçăo Ordinária;1;297;ELEIÇŐES GERAIS ESTADUAIS 2018;07/10/2018;E;RR;RR;RORAIMA;03158;SĂO LUIZ;4;5;Senador;230000615949;434;RUDSON LEITE DA SILVA;RUDSON LEITE;#NULO#;12;APTO;2;DEFERIDO;Coligaçăo;43;PV;Partido Verde;230000050426;DĘ UMA CHANCE PARA RORAIMA;PTB / PV / REDE / PT;4;NĂO ELEITO;N;23
15/05/2022;04:45:39;2018;2;Eleiçăo Ordinária;1;297;ELEIÇŐES GERAIS ESTADUAIS 2018;07/10/2018;E;RR;RR;RORAIMA;03085;RORAINÓPOLIS;8;5;Senador;230000615949;434;RUDSON LEITE DA SILVA;RUDSON LEITE;#NULO#;12;APTO;2;DEFERIDO;Coligaçăo;43;PV;Partido Verde;230000050426;DĘ UMA CHANCE PARA RORAIMA;PTB / PV / REDE / PT;4;NĂO ELEITO;N;205
15/05/2022;04:45:39;2018;2;Eleiçăo Ordinária;1;297;ELEIÇŐES GERAIS ESTADUAIS 2018;07/10/2018;E;RR;RR;RORAIMA;03093;MUCAJAÍ;6;5;Senador;230000615949;434;RUDSON LEITE DA SILVA;RUDSON LEITE;#NULO#;12;APTO;2;DEFERIDO;Coligaçăo;43;PV;Partido Verde;230000050426;DĘ UMA CHANCE PARA RORAIMA;PTB / PV / REDE / PT;4;NĂO ELEITO;N;43
15/05/2022;04:45:39;2018;2;Eleiçăo Ordinária;1;297;ELEIÇŐES GERAIS ESTADUAIS 2018;07/10/2018;E;RR;RR;RORAIMA;03026;IRACEMA;6;3;Governador;230000601679;45;JOSE DE ANCHIETA JUNIOR;ANCHIETA;#NULO#;12;APTO;2;DEFERIDO;Coligaçăo;45;PSDB;Partido da Social Democracia Brasileira;230000050050;TODOS POR RORAIMA ;PSDB / DEM / MDB / PSD / PPS / SOLIDARIEDADE / DC;6;2ş TURNO;N;2302
15/05/2022;04:45:39;2018;2;Eleiçăo Ordinária;1;297;ELEIÇŐES GERAIS ESTADUAIS 2018;07/10/2018;E;RR;RR;RORAIMA;03085;RORAINÓPOLIS;8;3;Governador;230000601679;45;JOSE DE ANCHIETA JUNIOR;ANCHIETA;#NULO#;12;APTO;2;DEFERIDO;Coligaçăo;45;PSDB;Partido da Social Democracia Brasileira;230000050050;TODOS POR RORAIMA ;PSDB / DEM / MDB / PSD / PPS / SOLIDARIEDADE / DC;6;2ş TURNO;N;4243
15/05/2022;04:45:39;2018;2;Eleiçăo Ordinária;1;297;ELEIÇŐES GERAIS ESTADUAIS 2018;07/10/2018;E;RR;RR;RORAIMA;03042;AMAJARI;7;3;Governador;230000601679;45;JOSE DE ANCHIETA JUNIOR;ANCHIETA;#NULO#;12;APTO;2;DEFERIDO;Coligaçăo;45;PSDB;Partido da Social Democracia Brasileira;230000050050;TODOS POR RORAIMA ;PSDB / DEM / MDB / PSD / PPS / SOLIDARIEDADE / DC;6;2ş TURNO;N;1813
15/05/2022;04:45:39;2018;2;Eleiçăo Ordinária;1;297;ELEIÇŐES GERAIS ESTADUAIS 2018;07/10/2018;E;RR;RR;RORAIMA;03069;CANTÁ;5;3;Governador;230000601679;45;JOSE DE ANCHIETA JUNIOR;ANCHIETA;#NULO#;12;APTO;2;DEFERIDO;Coligaçăo;45;PSDB;Partido da Social Democracia Brasileira;230000050050;TODOS POR RORAIMA ;PSDB / DEM / MDB / PSD / PPS / SOLIDARIEDADE / DC;6;2ş TURNO;N;4787
15/05/2022;04:45:39;2018;2;Eleiçăo Ordinária;2;298;ELEIÇŐES GERAIS ESTADUAIS 2018;28/10/2018;E;RR;RR;RORAIMA;03131;SĂO JOĂO DA BALIZA;4;3;Governador;230000609415;17;ANTONIO OLIVERIO GARCIA DE ALMEIDA;ANTONIO DENARIUM;#NULO#;12;APTO;2;DEFERIDO;Coligaçăo;17;PSL;Partido Social Liberal;230000050244;AGORA É RORAIMA COM TUDO;PSL / PRB / PTC / PRP / PROS / PSC / PPL;1;ELEITO;N;2017
15/05/2022;04:45:39;2018;2;Eleiçăo Ordinária;2;298;ELEIÇŐES GERAIS ESTADUAIS 2018;28/10/2018;E;RR;RR;RORAIMA;03069;CANTÁ;5;3;Governador;230000609415;17;ANTONIO OLIVERIO GARCIA DE ALMEIDA;ANTONIO DENARIUM;#NULO#;12;APTO;2;DEFERIDO;Coligaçăo;17;PSL;Partido Social Liberal;230000050244;AGORA É RORAIMA COM TUDO;PSL / PRB / PTC / PRP / PROS / PSC / PPL;1;ELEITO;N;3608
15/05/2022;04:45:39;2018;2;Eleiçăo Ordinária;2;298;ELEIÇŐES GERAIS ESTADUAIS 2018;28/10/2018;E;RR;RR;RORAIMA;03107;UIRAMUTĂ;7;3;Governador;230000601679;45;JOSE DE ANCHIETA JUNIOR;ANCHIETA;#NULO#;12;APTO;2;DEFERIDO;Coligaçăo;45;PSDB;Partido da Social Democracia Brasileira;230000050050;TODOS POR RORAIMA ;PSDB / DEM / MDB / PSD / PPS / SOLIDARIEDADE / DC;4;NĂO ELEITO;N;3514
15/05/2022;04:45:39;2018;2;Eleiçăo Ordinária;2;298;ELEIÇŐES GERAIS ESTADUAIS 2018;28/10/2018;E;RR;RR;RORAIMA;03123;PACARAIMA;7;3;Governador;230000601679;45;JOSE DE ANCHIETA JUNIOR;ANCHIETA;#NULO#;12;APTO;2;DEFERIDO;Coligaçăo;45;PSDB;Partido da Social Democracia Brasileira;230000050050;TODOS POR RORAIMA ;PSDB / DEM / MDB / PSD / PPS / SOLIDARIEDADE / DC;4;NĂO ELEITO;N;3355
15/05/2022;04:45:39;2018;2;Eleiçăo Ordinária;1;297;ELEIÇŐES GERAIS ESTADUAIS 2018;07/10/2018;E;RR;RR;RORAIMA;03077;BONFIM;5;5;Senador;230000614179;161;LOURIVAL GOMES DA SILVA FERREIRA;LOURIVAL;#NULO#;12;APTO;2;DEFERIDO;Coligaçăo;16;PSTU;Partido Socialista dos Trabalhadores Unificado;230000050376;FRENTE DE ESQUERDA SOCIALISTA;PCB / PSOL / PSTU;4;NĂO ELEITO;N;20
15/05/2022;04:45:39;2018;2;Eleiçăo Ordinária;1;297;ELEIÇŐES GERAIS ESTADUAIS 2018;07/10/2018;E;RR;RR;RORAIMA;03158;SĂO LUIZ;4;5;Senador;230000614179;161;LOURIVAL GOMES DA SILVA FERREIRA;LOURIVAL;#NULO#;12;APTO;2;DEFERIDO;Coligaçăo;16;PSTU;Partido Socialista dos Trabalhadores Unificado;230000050376;FRENTE DE ESQUERDA SOCIALISTA;PCB / PSOL / PSTU;4;NĂO ELEITO;N;11
15/05/2022;04:45:39;2018;2;Eleiçăo Ordinária;1;297;ELEIÇŐES GERAIS ESTADUAIS 2018;07/10/2018;E;RR;RR;RORAIMA;03050;ALTO ALEGRE;3;5;Senador;230000614179;161;LOURIVAL GOMES DA SILVA FERREIRA;LOURIVAL;#NULO#;12;APTO;2;DEFERIDO;Coligaçăo;16;PSTU;Partido Socialista dos Trabalhadores Unificado;230000050376;FRENTE DE ESQUERDA SOCIALISTA;PCB / PSOL / PSTU;4;NĂO ELEITO;N;46
15/05/2022;04:45:39;2018;2;Eleiçăo Ordinária;1;297;ELEIÇŐES GERAIS ESTADUAIS 2018;07/10/2018;E;RR;RR;RORAIMA;03123;PACARAIMA;7;5;Senador;230000614179;161;LOURIVAL GOMES DA SILVA FERREIRA;LOURIVAL;#NULO#;12;APTO;2;DEFERIDO;Coligaçăo;16;PSTU;Partido Socialista dos Trabalhadores Unificado;230000050376;FRENTE DE ESQUERDA SOCIALISTA;PCB / PSOL / PSTU;4;NĂO ELEITO;N;22
15/05/2022;04:45:39;2018;2;Eleiçăo Ordinária;1;297;ELEIÇŐES GERAIS ESTADUAIS 2018;07/10/2018;E;RR;RR;RORAIMA;03131;SĂO JOĂO DA BALIZA;4;5;Senador;230000614386;222;LUCIANO DE SOUZA CASTRO;LUCIANO CASTRO;#NULO#;12;APTO;2;DEFERIDO;Coligaçăo;22;PR;Partido da República;230000050380;NA LUTA POR RORAIMA;PP / PDT / PODE / PRTB / PR / PHS / PC do B;4;NĂO ELEITO;N;377
15/05/2022;04:45:39;2018;2;Eleiçăo Ordinária;1;297;ELEIÇŐES GERAIS ESTADUAIS 2018;07/10/2018;E;RR;RR;RORAIMA;03034;CARACARAÍ;2;5;Senador;230000609420;107;ANTÔNIO MECIAS PEREIRA DE JESUS;MECIAS DE JESUS;#NULO#;12;APTO;2;DEFERIDO;Coligaçăo;10;PRB;Partido Republicano Brasileiro;230000050244;AGORA É RORAIMA COM TUDO;PSL / PRB / PTC / PRP / PROS / PSC / PPL;1;ELEITO;N;4205
15/05/2022;04:45:39;2018;2;Eleiçăo Ordinária;1;297;ELEIÇŐES GERAIS ESTADUAIS 2018;07/10/2018;E;RR;RR;RORAIMA;03069;CANTÁ;5;5;Senador;230000609420;107;ANTÔNIO MECIAS PEREIRA DE JESUS;MECIAS DE JESUS;#NULO#;12;APTO;2;DEFERIDO;Coligaçăo;10;PRB;Partido Republicano Brasileiro;230000050244;AGORA É RORAIMA COM TUDO;PSL / PRB / PTC / PRP / PROS / PSC / PPL;1;ELEITO;N;2575
15/05/2022;04:45:39;2018;2;Eleiçăo Ordinária;1;297;ELEIÇŐES GERAIS ESTADUAIS 2018;07/10/2018;E;RR;RR;RORAIMA;03085;RORAINÓPOLIS;8;5;Senador;230000609420;107;ANTÔNIO MECIAS PEREIRA DE JESUS;MECIAS DE JESUS;#NULO#;12;APTO;2;DEFERIDO;Coligaçăo;10;PRB;Partido Republicano Brasileiro;230000050244;AGORA É RORAIMA COM TUDO;PSL / PRB / PTC / PRP / PROS / PSC / PPL;1;ELEITO;N;5612
15/05/2022;04:45:39;2018;2;Eleiçăo Ordinária;1;297;ELEIÇŐES GERAIS ESTADUAIS 2018;07/10/2018;E;RR;RR;RORAIMA;03069;CANTÁ;5;3;Governador;230000614177;50;FÁBIO GONÇALVES DE ALMEIDA;FÁBIO;#NULO#;12;APTO;2;DEFERIDO;Coligaçăo;50;PSOL;Partido Socialismo e Liberdade;230000050376;FRENTE DE ESQUERDA SOCIALISTA;PCB / PSOL / PSTU;4;NĂO ELEITO;N;284
15/05/2022;04:45:39;2018;2;Eleiçăo Ordinária;2;298;ELEIÇŐES GERAIS ESTADUAIS 2018;28/10/2018;E;RR;RR;RORAIMA;03000;CAROEBE;4;3;Governador;230000609415;17;ANTONIO OLIVERIO GARCIA DE ALMEIDA;ANTONIO DENARIUM;#NULO#;12;APTO;2;DEFERIDO;Coligaçăo;17;PSL;Partido Social Liberal;230000050244;AGORA É RORAIMA COM TUDO;PSL / PRB / PTC / PRP / PROS / PSC / PPL;1;ELEITO;N;2869
15/05/2022;04:45:39;2018;2;Eleiçăo Ordinária;1;297;ELEIÇŐES GERAIS ESTADUAIS 2018;07/10/2018;E;RR;RR;RORAIMA;03093;MUCAJAÍ;6;5;Senador;230000614179;161;LOURIVAL GOMES DA SILVA FERREIRA;LOURIVAL;#NULO#;12;APTO;2;DEFERIDO;Coligaçăo;16;PSTU;Partido Socialista dos Trabalhadores Unificado;230000050376;FRENTE DE ESQUERDA SOCIALISTA;PCB / PSOL / PSTU;4;NĂO ELEITO;N;16
15/05/2022;04:45:39;2018;2;Eleiçăo Ordinária;1;297;ELEIÇŐES GERAIS ESTADUAIS 2018;07/10/2018;E;RR;RR;RORAIMA;03000;CAROEBE;4;5;Senador;230000614179;161;LOURIVAL GOMES DA SILVA FERREIRA;LOURIVAL;#NULO#;12;APTO;2;DEFERIDO;Coligaçăo;16;PSTU;Partido Socialista dos Trabalhadores Unificado;230000050376;FRENTE DE ESQUERDA SOCIALISTA;PCB / PSOL / PSTU;4;NĂO ELEITO;N;4
15/05/2022;04:45:39;2018;2;Eleiçăo Ordinária;1;297;ELEIÇŐES GERAIS ESTADUAIS 2018;07/10/2018;E;RR;RR;RORAIMA;03123;PACARAIMA;7;5;Senador;230000614386;222;LUCIANO DE SOUZA CASTRO;LUCIANO CASTRO;#NULO#;12;APTO;2;DEFERIDO;Coligaçăo;22;PR;Partido da República;230000050380;NA LUTA POR RORAIMA;PP / PDT / PODE / PRTB / PR / PHS / PC do B;4;NĂO ELEITO;N;1602
15/05/2022;04:45:39;2018;2;Eleiçăo Ordinária;1;297;ELEIÇŐES GERAIS ESTADUAIS 2018;07/10/2018;E;RR;RR;RORAIMA;03077;BONFIM;5;5;Senador;230000614386;222;LUCIANO DE SOUZA CASTRO;LUCIANO CASTRO;#NULO#;12;APTO;2;DEFERIDO;Coligaçăo;22;PR;Partido da República;230000050380;NA LUTA POR RORAIMA;PP / PDT / PODE / PRTB / PR / PHS / PC do B;4;NĂO ELEITO;N;2690
15/05/2022;04:45:39;2018;2;Eleiçăo Ordinária;1;297;ELEIÇŐES GERAIS ESTADUAIS 2018;07/10/2018;E;RR;RR;RORAIMA;03034;CARACARAÍ;2;5;Senador;230000614386;222;LUCIANO DE SOUZA CASTRO;LUCIANO CASTRO;#NULO#;12;APTO;2;DEFERIDO;Coligaçăo;22;PR;Partido da República;230000050380;NA LUTA POR RORAIMA;PP / PDT / PODE / PRTB / PR / PHS / PC do B;4;NĂO ELEITO;N;2812
15/05/2022;04:45:39;2018;2;Eleiçăo Ordinária;1;297;ELEIÇŐES GERAIS ESTADUAIS 2018;07/10/2018;E;RR;RR;RORAIMA;03115;NORMANDIA;5;5;Senador;230000609420;107;ANTÔNIO MECIAS PEREIRA DE JESUS;MECIAS DE JESUS;#NULO#;12;APTO;2;DEFERIDO;Coligaçăo;10;PRB;Partido Republicano Brasileiro;230000050244;AGORA É RORAIMA COM TUDO;PSL / PRB / PTC / PRP / PROS / PSC / PPL;1;ELEITO;N;1302
15/05/2022;04:45:39;2018;2;Eleiçăo Ordinária;1;297;ELEIÇŐES GERAIS ESTADUAIS 2018;07/10/2018;E;RR;RR;RORAIMA;03107;UIRAMUTĂ;7;5;Senador;230000609420;107;ANTÔNIO MECIAS PEREIRA DE JESUS;MECIAS DE JESUS;#NULO#;12;APTO;2;DEFERIDO;Coligaçăo;10;PRB;Partido Republicano Brasileiro;230000050244;AGORA É RORAIMA COM TUDO;PSL / PRB / PTC / PRP / PROS / PSC / PPL;1;ELEITO;N;1347
15/05/2022;04:45:39;2018;2;Eleiçăo Ordinária;1;297;ELEIÇŐES GERAIS ESTADUAIS 2018;07/10/2018;E;RR;RR;RORAIMA;03115;NORMANDIA;5;5;Senador;230000614179;161;LOURIVAL GOMES DA SILVA FERREIRA;LOURIVAL;#NULO#;12;APTO;2;DEFERIDO;Coligaçăo;16;PSTU;Partido Socialista dos Trabalhadores Unificado;230000050376;FRENTE DE ESQUERDA SOCIALISTA;PCB / PSOL / PSTU;4;NĂO ELEITO;N;5
15/05/2022;04:45:39;2018;2;Eleiçăo Ordinária;1;297;ELEIÇŐES GERAIS ESTADUAIS 2018;07/10/2018;E;RR;RR;RORAIMA;03018;BOA VISTA;1;5;Senador;230000614179;161;LOURIVAL GOMES DA SILVA FERREIRA;LOURIVAL;#NULO#;12;APTO;2;DEFERIDO;Coligaçăo;16;PSTU;Partido Socialista dos Trabalhadores Unificado;230000050376;FRENTE DE ESQUERDA SOCIALISTA;PCB / PSOL / PSTU;4;NĂO ELEITO;N;867
15/05/2022;04:45:39;2018;2;Eleiçăo Ordinária;1;297;ELEIÇŐES GERAIS ESTADUAIS 2018;07/10/2018;E;RR;RR;RORAIMA;03018;BOA VISTA;5;5;Senador;230000614179;161;LOURIVAL GOMES DA SILVA FERREIRA;LOURIVAL;#NULO#;12;APTO;2;DEFERIDO;Coligaçăo;16;PSTU;Partido Socialista dos Trabalhadores Unificado;230000050376;FRENTE DE ESQUERDA SOCIALISTA;PCB / PSOL / PSTU;4;NĂO ELEITO;N;728
15/05/2022;04:45:39;2018;2;Eleiçăo Ordinária;1;297;ELEIÇŐES GERAIS ESTADUAIS 2018;07/10/2018;E;RR;RR;RORAIMA;03000;CAROEBE;4;5;Senador;230000614388;123;ANGELA MARIA GOMES PORTELA;ANGELA PORTELA;#NULO#;12;APTO;2;DEFERIDO;Coligaçăo;12;PDT;Partido Democrático Trabalhista;230000050380;NA LUTA POR RORAIMA;PP / PDT / PODE / PRTB / PR / PHS / PC do B;4;NĂO ELEITO;N;1344
15/05/2022;04:45:39;2018;2;Eleiçăo Ordinária;1;297;ELEIÇŐES GERAIS ESTADUAIS 2018;07/10/2018;E;RR;RR;RORAIMA;03077;BONFIM;5;5;Senador;230000609417;177;ISAMAR PESSOA RAMALHO;PR.ISAMAR RAMALHO;#NULO#;12;APTO;2;DEFERIDO;Coligaçăo;17;PSL;Partido Social Liberal;230000050244;AGORA É RORAIMA COM TUDO;PSL / PRB / PTC / PRP / PROS / PSC / PPL;4;NĂO ELEITO;N;1351
15/05/2022;04:45:39;2018;2;Eleiçăo Ordinária;1;297;ELEIÇŐES GERAIS ESTADUAIS 2018;07/10/2018;E;RR;RR;RORAIMA;03000;CAROEBE;4;5;Senador;230000609417;177;ISAMAR PESSOA RAMALHO;PR.ISAMAR RAMALHO;#NULO#;12;APTO;2;DEFERIDO;Coligaçăo;17;PSL;Partido Social Liberal;230000050244;AGORA É RORAIMA COM TUDO;PSL / PRB / PTC / PRP / PROS / PSC / PPL;4;NĂO ELEITO;N;1402
15/05/2022;04:45:39;2018;2;Eleiçăo Ordinária;1;297;ELEIÇŐES GERAIS ESTADUAIS 2018;07/10/2018;E;RR;RR;RORAIMA;03000;CAROEBE;4;3;Governador;230000609415;17;ANTONIO OLIVERIO GARCIA DE ALMEIDA;ANTONIO DENARIUM;#NULO#;12;APTO;2;DEFERIDO;Coligaçăo;17;PSL;Partido Social Liberal;230000050244;AGORA É RORAIMA COM TUDO;PSL / PRB / PTC / PRP / PROS / PSC / PPL;6;2ş TURNO;N;2369
15/05/2022;04:45:39;2018;2;Eleiçăo Ordinária;1;297;ELEIÇŐES GERAIS ESTADUAIS 2018;07/10/2018;E;RR;RR;RORAIMA;03093;MUCAJAÍ;6;5;Senador;230000614388;123;ANGELA MARIA GOMES PORTELA;ANGELA PORTELA;#NULO#;12;APTO;2;DEFERIDO;Coligaçăo;12;PDT;Partido Democrático Trabalhista;230000050380;NA LUTA POR RORAIMA;PP / PDT / PODE / PRTB / PR / PHS / PC do B;4;NĂO ELEITO;N;2684
15/05/2022;04:45:39;2018;2;Eleiçăo Ordinária;1;297;ELEIÇŐES GERAIS ESTADUAIS 2018;07/10/2018;E;RR;RR;RORAIMA;03042;AMAJARI;7;3;Governador;230000614383;11;MARIA SUELY SILVA CAMPOS;SUELY CAMPOS;#NULO#;12;APTO;16;DEFERIDO COM RECURSO;Coligaçăo;11;PP;Partido Progressista;230000050380;NA LUTA POR RORAIMA;PP / PDT / PODE / PRTB / PR / PHS / PC do B;4;NĂO ELEITO;N;893
15/05/2022;04:45:39;2018;2;Eleiçăo Ordinária;1;297;ELEIÇŐES GERAIS ESTADUAIS 2018;07/10/2018;E;RR;RR;RORAIMA;03085;RORAINÓPOLIS;8;3;Governador;230000614383;11;MARIA SUELY SILVA CAMPOS;SUELY CAMPOS;#NULO#;12;APTO;16;DEFERIDO COM RECURSO;Coligaçăo;11;PP;Partido Progressista;230000050380;NA LUTA POR RORAIMA;PP / PDT / PODE / PRTB / PR / PHS / PC do B;4;NĂO ELEITO;N;2130
15/05/2022;04:45:39;2018;2;Eleiçăo Ordinária;1;297;ELEIÇŐES GERAIS ESTADUAIS 2018;07/10/2018;E;RR;RR;RORAIMA;03018;BOA VISTA;5;3;Governador;230000614177;50;FÁBIO GONÇALVES DE ALMEIDA;FÁBIO;#NULO#;12;APTO;2;DEFERIDO;Coligaçăo;50;PSOL;Partido Socialismo e Liberdade;230000050376;FRENTE DE ESQUERDA SOCIALISTA;PCB / PSOL / PSTU;4;NĂO ELEITO;N;3432
15/05/2022;04:45:39;2018;2;Eleiçăo Ordinária;1;297;ELEIÇŐES GERAIS ESTADUAIS 2018;07/10/2018;E;RR;RR;RORAIMA;03093;MUCAJAÍ;6;3;Governador;230000614177;50;FÁBIO GONÇALVES DE ALMEIDA;FÁBIO;#NULO#;12;APTO;2;DEFERIDO;Coligaçăo;50;PSOL;Partido Socialismo e Liberdade;230000050376;FRENTE DE ESQUERDA SOCIALISTA;PCB / PSOL / PSTU;4;NĂO ELEITO;N;141
15/05/2022;04:45:39;2018;2;Eleiçăo Ordinária;1;297;ELEIÇŐES GERAIS ESTADUAIS 2018;07/10/2018;E;RR;RR;RORAIMA;03034;CARACARAÍ;2;3;Governador;230000614177;50;FÁBIO GONÇALVES DE ALMEIDA;FÁBIO;#NULO#;12;APTO;2;DEFERIDO;Coligaçăo;50;PSOL;Partido Socialismo e Liberdade;230000050376;FRENTE DE ESQUERDA SOCIALISTA;PCB / PSOL / PSTU;4;NĂO ELEITO;N;175
15/05/2022;04:45:39;2018;2;Eleiçăo Ordinária;1;297;ELEIÇŐES GERAIS ESTADUAIS 2018;07/10/2018;E;RR;RR;RORAIMA;03034;CARACARAÍ;2;3;Governador;230000614383;11;MARIA SUELY SILVA CAMPOS;SUELY CAMPOS;#NULO#;12;APTO;16;DEFERIDO COM RECURSO;Coligaçăo;11;PP;Partido Progressista;230000050380;NA LUTA POR RORAIMA;PP / PDT / PODE / PRTB / PR / PHS / PC do B;4;NĂO ELEITO;N;2199
15/05/2022;04:45:39;2018;2;Eleiçăo Ordinária;2;298;ELEIÇŐES GERAIS ESTADUAIS 2018;28/10/2018;E;RR;RR;RORAIMA;03018;BOA VISTA;1;3;Governador;230000609415;17;ANTONIO OLIVERIO GARCIA DE ALMEIDA;ANTONIO DENARIUM;#NULO#;12;APTO;2;DEFERIDO;Coligaçăo;17;PSL;Partido Social Liberal;230000050244;AGORA É RORAIMA COM TUDO;PSL / PRB / PTC / PRP / PROS / PSC / PPL;1;ELEITO;N;56808
15/05/2022;04:45:39;2018;2;Eleiçăo Ordinária;2;298;ELEIÇŐES GERAIS ESTADUAIS 2018;28/10/2018;E;RR;RR;RORAIMA;03107;UIRAMUTĂ;7;3;Governador;230000609415;17;ANTONIO OLIVERIO GARCIA DE ALMEIDA;ANTONIO DENARIUM;#NULO#;12;APTO;2;DEFERIDO;Coligaçăo;17;PSL;Partido Social Liberal;230000050244;AGORA É RORAIMA COM TUDO;PSL / PRB / PTC / PRP / PROS / PSC / PPL;1;ELEITO;N;1005
15/05/2022;04:45:39;2018;2;Eleiçăo Ordinária;2;298;ELEIÇŐES GERAIS ESTADUAIS 2018;28/10/2018;E;RR;RR;RORAIMA;03026;IRACEMA;6;3;Governador;230000601679;45;JOSE DE ANCHIETA JUNIOR;ANCHIETA;#NULO#;12;APTO;2;DEFERIDO;Coligaçăo;45;PSDB;Partido da Social Democracia Brasileira;230000050050;TODOS POR RORAIMA ;PSDB / DEM / MDB / PSD / PPS / SOLIDARIEDADE / DC;4;NĂO ELEITO;N;1808
15/05/2022;04:45:39;2018;2;Eleiçăo Ordinária;2;298;ELEIÇŐES GERAIS ESTADUAIS 2018;28/10/2018;E;RR;RR;RORAIMA;03018;BOA VISTA;5;3;Governador;230000601679;45;JOSE DE ANCHIETA JUNIOR;ANCHIETA;#NULO#;12;APTO;2;DEFERIDO;Coligaçăo;45;PSDB;Partido da Social Democracia Brasileira;230000050050;TODOS POR RORAIMA ;PSDB / DEM / MDB / PSD / PPS / SOLIDARIEDADE / DC;4;NĂO ELEITO;N;34155
15/05/2022;04:45:39;2018;2;Eleiçăo Ordinária;2;298;ELEIÇŐES GERAIS ESTADUAIS 2018;28/10/2018;E;RR;RR;RORAIMA;03018;BOA VISTA;1;3;Governador;230000601679;45;JOSE DE ANCHIETA JUNIOR;ANCHIETA;#NULO#;12;APTO;2;DEFERIDO;Coligaçăo;45;PSDB;Partido da Social Democracia Brasileira;230000050050;TODOS POR RORAIMA ;PSDB / DEM / MDB / PSD / PPS / SOLIDARIEDADE / DC;4;NĂO ELEITO;N;41028
15/05/2022;04:45:39;2018;2;Eleiçăo Ordinária;1;297;ELEIÇŐES GERAIS ESTADUAIS 2018;07/10/2018;E;RR;RR;RORAIMA;03050;ALTO ALEGRE;3;5;Senador;230000614388;123;ANGELA MARIA GOMES PORTELA;ANGELA PORTELA;#NULO#;12;APTO;2;DEFERIDO;Coligaçăo;12;PDT;Partido Democrático Trabalhista;230000050380;NA LUTA POR RORAIMA;PP / PDT / PODE / PRTB / PR / PHS / PC do B;4;NĂO ELEITO;N;2657
15/05/2022;04:45:39;2018;2;Eleiçăo Ordinária;1;297;ELEIÇŐES GERAIS ESTADUAIS 2018;07/10/2018;E;RR;RR;RORAIMA;03131;SĂO JOĂO DA BALIZA;4;3;Governador;230000614383;11;MARIA SUELY SILVA CAMPOS;SUELY CAMPOS;#NULO#;12;APTO;16;DEFERIDO COM RECURSO;Coligaçăo;11;PP;Partido Progressista;230000050380;NA LUTA POR RORAIMA;PP / PDT / PODE / PRTB / PR / PHS / PC do B;4;NĂO ELEITO;N;413
15/05/2022;04:45:39;2018;2;Eleiçăo Ordinária;1;297;ELEIÇŐES GERAIS ESTADUAIS 2018;07/10/2018;E;RR;RR;RORAIMA;03077;BONFIM;5;3;Governador;230000614383;11;MARIA SUELY SILVA CAMPOS;SUELY CAMPOS;#NULO#;12;APTO;16;DEFERIDO COM RECURSO;Coligaçăo;11;PP;Partido Progressista;230000050380;NA LUTA POR RORAIMA;PP / PDT / PODE / PRTB / PR / PHS / PC do B;4;NĂO ELEITO;N;1252